image_id,label,conf
100042118.jpg,healthy,0.7920762896537781
1000723321.jpg,brown_streak_disease,0.9934108853340149
1001742395.jpg,brown_streak_disease,0.8694427609443665
1002088496.jpg,brown_streak_disease,0.9994978904724121
1003987001.jpg,mosaic_disease,0.9993420243263245
1007196516.jpg,green_mottle,0.5477749705314636
100731318.jpg,mosaic_disease,0.9866639375686646
1008126487.jpg,mosaic_disease,0.998464822769165
1008142548.jpg,mosaic_disease,0.5747848749160767
1009361983.jpg,mosaic_disease,0.9399011135101318
1009431532.jpg,green_mottle,0.9995225667953491
1010806468.jpg,green_mottle,0.42309021949768066
1011571614.jpg,brown_streak_disease,0.833957850933075
1011909285.jpg,green_mottle,0.4511197507381439
1013734375.jpg,mosaic_disease,0.9998942613601685
1014332426.jpg,healthy,0.6575168371200562
1016027375.jpg,brown_streak_disease,0.6092731356620789
1017670009.jpg,green_mottle,0.9929172992706299
1019359196.jpg,mosaic_disease,0.9932128190994263
1019486948.jpg,mosaic_disease,0.8979571461677551
1023663951.jpg,bacterial_blight,0.7596731781959534
1023937437.jpg,mosaic_disease,0.9963909983634949
1024504187.jpg,brown_streak_disease,0.8595778942108154
1025060651.jpg,mosaic_disease,0.9997398257255554
1025693532.jpg,mosaic_disease,0.9993539452552795
1028318593.jpg,mosaic_disease,0.9999529123306274
1030448520.jpg,brown_streak_disease,0.6141297221183777
1033962303.jpg,brown_streak_disease,0.6091318130493164
1034548842.jpg,green_mottle,0.7643824815750122
1035014017.jpg,healthy,0.8621976375579834
1035350866.jpg,mosaic_disease,0.9971812963485718
1035475040.jpg,mosaic_disease,0.9953605532646179
103630546.jpg,mosaic_disease,0.9615907669067383
1036697361.jpg,mosaic_disease,0.9460601806640625
1036959902.jpg,bacterial_blight,0.9630816578865051
1037277772.jpg,brown_streak_disease,0.8668320775032043
1039176615.jpg,healthy,0.8642106652259827
1039830931.jpg,mosaic_disease,0.9998112320899963
1041701814.jpg,mosaic_disease,0.9991229176521301
1041923025.jpg,mosaic_disease,0.9985217452049255
1043238803.jpg,green_mottle,0.5129596590995789
1043752907.jpg,mosaic_disease,0.9713796377182007
1044221536.jpg,green_mottle,0.642914891242981
1044545725.jpg,mosaic_disease,0.9835922718048096
1045708576.jpg,mosaic_disease,0.9960745573043823
1046631452.jpg,green_mottle,0.7501583695411682
1047550741.jpg,mosaic_disease,0.9996077418327332
1047901042.jpg,green_mottle,0.9983009696006775
1047958369.jpg,brown_streak_disease,0.47399580478668213
1051688339.jpg,bacterial_blight,0.8826683163642883
1052095724.jpg,healthy,0.41974395513534546
1052118637.jpg,mosaic_disease,0.9947868585586548
1054468967.jpg,mosaic_disease,0.9658686518669128
1055305901.jpg,mosaic_disease,0.9486908316612244
1060739991.jpg,mosaic_disease,0.9921666383743286
1063110047.jpg,brown_streak_disease,0.9852676391601562
1064635740.jpg,mosaic_disease,0.7970765829086304
1064688608.jpg,green_mottle,0.863288402557373
1066546103.jpg,brown_streak_disease,0.9892114400863647
1069065600.jpg,mosaic_disease,0.9230377078056335
1070548894.jpg,mosaic_disease,0.965303361415863
1071660717.jpg,mosaic_disease,0.9999774694442749
1071960213.jpg,bacterial_blight,0.31110796332359314
1072171567.jpg,mosaic_disease,0.9994261264801025
1073893170.jpg,mosaic_disease,0.9935424327850342
107427326.jpg,healthy,0.8510892391204834
1075456471.jpg,bacterial_blight,0.3853115141391754
1076699996.jpg,mosaic_disease,0.9982119798660278
1077032520.jpg,brown_streak_disease,0.6190685629844666
10780620.jpg,mosaic_disease,0.9954960346221924
1080123455.jpg,brown_streak_disease,0.9999480247497559
1081331009.jpg,bacterial_blight,0.8629846572875977
1082822990.jpg,healthy,0.6262592673301697
1084779411.jpg,healthy,0.658380389213562
1086683858.jpg,mosaic_disease,0.9944332242012024
1088048736.jpg,mosaic_disease,0.9805318713188171
1088631003.jpg,mosaic_disease,0.999901294708252
1088853815.jpg,mosaic_disease,0.9149283766746521
1090285146.jpg,mosaic_disease,0.9799935817718506
1093114557.jpg,mosaic_disease,0.9541203379631042
1093765262.jpg,brown_streak_disease,0.7925718426704407
1096438409.jpg,mosaic_disease,0.8813662528991699
1097497550.jpg,mosaic_disease,0.9993663430213928
1098184586.jpg,healthy,0.6718732118606567
1100049957.jpg,mosaic_disease,0.9997989535331726
1100052546.jpg,mosaic_disease,0.9996429681777954
1101262562.jpg,brown_streak_disease,0.7898462414741516
1102114596.jpg,healthy,0.5866366028785706
110316351.jpg,mosaic_disease,0.9842455983161926
1103304372.jpg,bacterial_blight,0.9690649509429932
1105163779.jpg,mosaic_disease,0.9996066689491272
1105255922.jpg,healthy,0.5739676356315613
1105650232.jpg,mosaic_disease,0.9976757168769836
1105907243.jpg,brown_streak_disease,0.9863065481185913
110949726.jpg,mosaic_disease,0.9962261915206909
1110421964.jpg,mosaic_disease,0.9785224795341492
1110776878.jpg,mosaic_disease,0.9992509484291077
1111006106.jpg,mosaic_disease,0.9676688313484192
1112568678.jpg,mosaic_disease,0.8663250207901001
1113324991.jpg,mosaic_disease,0.9439607262611389
1113813904.jpg,mosaic_disease,0.9931729435920715
1115249889.jpg,mosaic_disease,0.9869441986083984
1115273193.jpg,mosaic_disease,0.9738024473190308
1117006363.jpg,mosaic_disease,0.9806944131851196
1117136990.jpg,brown_streak_disease,0.9998735189437866
111755849.jpg,mosaic_disease,0.6312291026115417
1117937512.jpg,mosaic_disease,0.9995728135108948
1118213233.jpg,mosaic_disease,0.7362556457519531
1118350826.jpg,green_mottle,0.9656076431274414
1118381273.jpg,mosaic_disease,0.6672526001930237
1123269893.jpg,healthy,0.7025088667869568
1123691141.jpg,brown_streak_disease,0.9998119473457336
1124545066.jpg,mosaic_disease,0.987707793712616
112487271.jpg,mosaic_disease,0.9913944602012634
1125109121.jpg,green_mottle,0.999956488609314
112690000.jpg,healthy,0.7772483825683594
1126995294.jpg,mosaic_disease,0.9886060357093811
1128373288.jpg,mosaic_disease,0.948227047920227
1129086927.jpg,mosaic_disease,0.8911110758781433
1130201707.jpg,brown_streak_disease,0.7686957120895386
1130848139.jpg,mosaic_disease,0.5238447785377502
1131164164.jpg,healthy,0.7687260508537292
1131824490.jpg,bacterial_blight,0.2779524326324463
1133271450.jpg,brown_streak_disease,0.6733542084693909
1133309905.jpg,green_mottle,0.9981167316436768
1137421218.jpg,brown_streak_disease,0.9744859337806702
113803368.jpg,mosaic_disease,0.9964248538017273
1138072371.jpg,mosaic_disease,0.999327540397644
1140278796.jpg,mosaic_disease,0.9788845777511597
1141754259.jpg,mosaic_disease,0.9988906979560852
114198015.jpg,brown_streak_disease,0.8281428813934326
1143022454.jpg,mosaic_disease,0.9996534585952759
1146811684.jpg,mosaic_disease,0.9449732899665833
1148267148.jpg,healthy,0.9272469282150269
1148412619.jpg,mosaic_disease,0.9998998641967773
1148629594.jpg,healthy,0.671910285949707
1148976891.jpg,mosaic_disease,0.902465283870697
1149596528.jpg,healthy,0.4135839641094208
1150053692.jpg,mosaic_disease,0.9987903237342834
1151214071.jpg,mosaic_disease,0.9999456405639648
1151941049.jpg,bacterial_blight,0.6350879073143005
1152100841.jpg,mosaic_disease,0.9916075468063354
1153882793.jpg,healthy,0.5098811984062195
1155922656.jpg,mosaic_disease,0.999398946762085
1156963169.jpg,brown_streak_disease,0.9990590214729309
1157584839.jpg,mosaic_disease,0.999962568283081
1159573446.jpg,mosaic_disease,0.9998842477798462
1159977136.jpg,mosaic_disease,0.871843159198761
1161422335.jpg,mosaic_disease,0.9665507674217224
1161718761.jpg,green_mottle,0.522709310054779
1161877959.jpg,mosaic_disease,0.7781932353973389
1163169626.jpg,mosaic_disease,0.9992387294769287
1163211967.jpg,mosaic_disease,0.9956366419792175
1165463551.jpg,mosaic_disease,0.9817839860916138
1167375452.jpg,mosaic_disease,0.7399485111236572
117031981.jpg,mosaic_disease,0.9994714856147766
1170646822.jpg,mosaic_disease,0.9658789038658142
1171302232.jpg,mosaic_disease,0.9998074173927307
117226420.jpg,mosaic_disease,0.9982264637947083
1178339881.jpg,mosaic_disease,0.9996449947357178
1179913576.jpg,mosaic_disease,0.9766647815704346
1182451935.jpg,mosaic_disease,0.7943637371063232
118348643.jpg,mosaic_disease,0.9989258646965027
1186662179.jpg,mosaic_disease,0.7709963321685791
118845002.jpg,mosaic_disease,0.8312085866928101
1193388066.jpg,mosaic_disease,0.6191824078559875
1194116552.jpg,mosaic_disease,0.983897864818573
119573280.jpg,mosaic_disease,0.9987995624542236
1197890857.jpg,green_mottle,0.48637065291404724
1198476572.jpg,healthy,0.49469193816185
1198530356.jpg,mosaic_disease,0.9999799728393555
119857388.jpg,mosaic_disease,0.9974313378334045
1200108798.jpg,brown_streak_disease,0.9975908994674683
1200666322.jpg,bacterial_blight,0.8015251755714417
1202852313.jpg,mosaic_disease,0.9993459582328796
1205581229.jpg,healthy,0.5211370587348938
1205963821.jpg,mosaic_disease,0.9646068811416626
1207863833.jpg,healthy,0.8045904040336609
1208561216.jpg,mosaic_disease,0.8240296840667725
1208930498.jpg,brown_streak_disease,0.3686561584472656
1211782296.jpg,mosaic_disease,0.9988017082214355
1211842242.jpg,mosaic_disease,0.9998724460601807
1212399275.jpg,mosaic_disease,0.9908519387245178
1213254809.jpg,mosaic_disease,0.9901476502418518
1213859298.jpg,healthy,0.6671846508979797
1215323856.jpg,mosaic_disease,0.9267089366912842
1216540575.jpg,healthy,0.7751048803329468
1218794118.jpg,mosaic_disease,0.9847485423088074
1222730682.jpg,mosaic_disease,0.9795191884040833
1223189227.jpg,mosaic_disease,0.997421145439148
122390799.jpg,brown_streak_disease,0.9990376234054565
1224932535.jpg,mosaic_disease,0.8031282424926758
1226067101.jpg,mosaic_disease,0.9914383888244629
122766178.jpg,green_mottle,0.43886637687683105
1227858300.jpg,brown_streak_disease,0.5068644285202026
1228648727.jpg,brown_streak_disease,0.9994964599609375
1228668761.jpg,mosaic_disease,0.43434080481529236
1230729035.jpg,brown_streak_disease,0.9940512776374817
1231587429.jpg,mosaic_disease,0.9992710947990417
1231866114.jpg,bacterial_blight,0.4088597297668457
1233339948.jpg,green_mottle,0.9618116021156311
1233762252.jpg,healthy,0.4165301024913788
1234042950.jpg,mosaic_disease,0.9989221096038818
1234931385.jpg,green_mottle,0.9992271661758423
1235142158.jpg,healthy,0.5637176036834717
12351712.jpg,healthy,0.5479008555412292
1235188286.jpg,green_mottle,0.868538498878479
1236952675.jpg,mosaic_disease,0.9486289024353027
1239270828.jpg,healthy,0.7112063765525818
1242670856.jpg,bacterial_blight,0.8496442437171936
1244582090.jpg,mosaic_disease,0.8739364743232727
1246560412.jpg,healthy,0.5625674724578857
1248926880.jpg,healthy,0.923855185508728
1249702391.jpg,mosaic_disease,0.9994810223579407
1250343314.jpg,mosaic_disease,0.9999921321868896
1251319553.jpg,mosaic_disease,0.9968593120574951
1251549762.jpg,mosaic_disease,0.9988127946853638
1252242867.jpg,mosaic_disease,0.9874761700630188
1252288895.jpg,green_mottle,0.6824756264686584
1252787417.jpg,mosaic_disease,0.8781490325927734
125344081.jpg,green_mottle,0.9441184997558594
1258444443.jpg,mosaic_disease,0.9999947547912598
1258505000.jpg,mosaic_disease,0.8329587578773499
1258508279.jpg,mosaic_disease,0.9996144771575928
12588847.jpg,mosaic_disease,0.9249612092971802
126058013.jpg,mosaic_disease,0.9999334812164307
1261918701.jpg,mosaic_disease,0.7948496341705322
1262742218.jpg,mosaic_disease,0.994870662689209
1264302367.jpg,bacterial_blight,0.8597162961959839
1266586037.jpg,mosaic_disease,0.9992325305938721
1267456239.jpg,healthy,0.7751590013504028
12688038.jpg,green_mottle,0.9998737573623657
1268809916.jpg,mosaic_disease,0.9804865717887878
1268934820.jpg,healthy,0.8483502864837646
1269528724.jpg,mosaic_disease,0.904147744178772
1269832262.jpg,mosaic_disease,0.965110719203949
1270179035.jpg,healthy,0.834121584892273
1270462565.jpg,bacterial_blight,0.5829997658729553
1270512550.jpg,mosaic_disease,0.9983428716659546
1273363177.jpg,mosaic_disease,0.9973123073577881
1274100886.jpg,mosaic_disease,0.9994137287139893
1274387624.jpg,mosaic_disease,0.9946933388710022
1274424632.jpg,mosaic_disease,0.9996724128723145
1274870847.jpg,mosaic_disease,0.9994908571243286
1277936443.jpg,mosaic_disease,0.9967421889305115
1279918358.jpg,brown_streak_disease,0.4244460463523865
1284753184.jpg,mosaic_disease,0.9690656065940857
1285837923.jpg,mosaic_disease,0.9812801480293274
1286002720.jpg,mosaic_disease,0.9921234250068665
1287323446.jpg,mosaic_disease,0.8875703811645508
1287942179.jpg,mosaic_disease,0.992576539516449
1288115291.jpg,healthy,0.7859174013137817
1288354862.jpg,mosaic_disease,0.9999334812164307
1289615657.jpg,mosaic_disease,0.8531897664070129
1289985467.jpg,brown_streak_disease,0.999947190284729
1291552662.jpg,mosaic_disease,0.9965941309928894
1292410663.jpg,brown_streak_disease,0.8772519826889038
1292573857.jpg,mosaic_disease,0.5582075715065002
1296460388.jpg,mosaic_disease,0.9688963890075684
1297980012.jpg,healthy,0.39743152260780334
1298289380.jpg,mosaic_disease,0.9986408352851868
1298789590.jpg,brown_streak_disease,0.971777617931366
1302078468.jpg,brown_streak_disease,0.9999510049819946
1302300755.jpg,healthy,0.3970180153846741
1302328544.jpg,mosaic_disease,0.9007436037063599
1303549363.jpg,mosaic_disease,0.919369637966156
1303557485.jpg,mosaic_disease,0.9914950132369995
1304015285.jpg,healthy,0.4945411682128906
1305777482.jpg,healthy,0.7605302333831787
1307848426.jpg,mosaic_disease,0.9996581077575684
1308168920.jpg,mosaic_disease,0.592116117477417
1308234304.jpg,mosaic_disease,0.9832721948623657
1309794504.jpg,green_mottle,0.3797416388988495
1309857132.jpg,brown_streak_disease,0.9405907988548279
1311965722.jpg,mosaic_disease,0.9917346239089966
1312658140.jpg,healthy,0.9062676429748535
1315698965.jpg,healthy,0.9591670036315918
1315872826.jpg,healthy,0.6011597514152527
1317352014.jpg,mosaic_disease,0.6739453077316284
1319252065.jpg,healthy,0.5249564051628113
1320006527.jpg,mosaic_disease,0.9999934434890747
1320401376.jpg,mosaic_disease,0.9595080018043518
1323186666.jpg,mosaic_disease,0.9922798871994019
132695140.jpg,healthy,0.6276326775550842
1331106068.jpg,brown_streak_disease,0.40416190028190613
1331491784.jpg,mosaic_disease,0.9912220239639282
1333145781.jpg,mosaic_disease,0.9770371913909912
133326379.jpg,healthy,0.4582293629646301
133431114.jpg,healthy,0.6554226875305176
1339311059.jpg,mosaic_disease,0.9976409673690796
1339337700.jpg,mosaic_disease,0.997283935546875
1344533607.jpg,healthy,0.7346587181091309
1344686527.jpg,mosaic_disease,0.609770655632019
1344694162.jpg,mosaic_disease,0.9731753468513489
1344931095.jpg,mosaic_disease,0.9926982522010803
1346754206.jpg,healthy,0.6888169646263123
1347873049.jpg,mosaic_disease,0.99803227186203
1347907652.jpg,mosaic_disease,0.9475430250167847
1348941923.jpg,mosaic_disease,0.999575674533844
1350902917.jpg,mosaic_disease,0.9998341798782349
135094227.jpg,green_mottle,0.9690232872962952
1351107060.jpg,brown_streak_disease,0.4562284052371979
1352385379.jpg,mosaic_disease,0.9873156547546387
135254587.jpg,brown_streak_disease,0.94256192445755
1352692605.jpg,mosaic_disease,0.9442146420478821
1354408202.jpg,mosaic_disease,0.9999833106994629
1354800137.jpg,mosaic_disease,0.9859122633934021
1355230082.jpg,mosaic_disease,0.9998667240142822
1355462312.jpg,brown_streak_disease,0.8552204966545105
1355602317.jpg,mosaic_disease,0.9992092847824097
1355825847.jpg,bacterial_blight,0.9276350140571594
1357774593.jpg,brown_streak_disease,0.7125073075294495
1358076537.jpg,bacterial_blight,0.7718942165374756
1360675476.jpg,mosaic_disease,0.9836499691009521
1363024111.jpg,mosaic_disease,0.5326250791549683
1363807985.jpg,healthy,0.4029959440231323
1364389290.jpg,mosaic_disease,0.953740656375885
1364435251.jpg,healthy,0.5012519359588623
1364643330.jpg,mosaic_disease,0.9992375373840332
1367418803.jpg,mosaic_disease,0.9790052175521851
1369732079.jpg,mosaic_disease,0.9995325803756714
1369983957.jpg,mosaic_disease,0.9977874755859375
1372642771.jpg,mosaic_disease,0.5902512073516846
137383741.jpg,mosaic_disease,0.9918598532676697
1375245484.jpg,mosaic_disease,0.9805611968040466
1376689947.jpg,mosaic_disease,0.9999027252197266
1377187378.jpg,green_mottle,0.9917247295379639
1377199562.jpg,mosaic_disease,0.9997655749320984
1377263378.jpg,mosaic_disease,0.8498181700706482
1377618103.jpg,mosaic_disease,0.9989896416664124
1377755607.jpg,green_mottle,0.9895163178443909
1378311298.jpg,green_mottle,0.953769326210022
1378330885.jpg,green_mottle,0.9998631477355957
1378549599.jpg,healthy,0.7825730443000793
1380973855.jpg,green_mottle,0.5479416251182556
1381453836.jpg,bacterial_blight,0.42758509516716003
1381919423.jpg,green_mottle,0.9962522387504578
1382329644.jpg,mosaic_disease,0.9969435334205627
1383174686.jpg,mosaic_disease,0.9995625615119934
1387417051.jpg,brown_streak_disease,0.7281891703605652
1387999254.jpg,mosaic_disease,0.9943981766700745
1390241299.jpg,mosaic_disease,0.9979732632637024
1391510011.jpg,mosaic_disease,0.9774696230888367
1393343720.jpg,mosaic_disease,0.9671934247016907
1393861868.jpg,mosaic_disease,0.904283344745636
139397294.jpg,mosaic_disease,0.9929528832435608
1395194377.jpg,mosaic_disease,0.7052329778671265
1395794245.jpg,mosaic_disease,0.9989569187164307
1396114117.jpg,brown_streak_disease,0.7287734746932983
1396197326.jpg,brown_streak_disease,0.9953827261924744
1398572814.jpg,mosaic_disease,0.9991375207901001
1398685050.jpg,mosaic_disease,0.9993638396263123
1400687003.jpg,bacterial_blight,0.9852177500724792
140243499.jpg,mosaic_disease,0.9964993000030518
1402491391.jpg,healthy,0.7295055389404297
1403410864.jpg,mosaic_disease,0.47689273953437805
1403954196.jpg,mosaic_disease,0.9794741868972778
1407355307.jpg,green_mottle,0.9993289709091187
1412788738.jpg,bacterial_blight,0.9447435736656189
1414812251.jpg,mosaic_disease,0.9995885491371155
1415940915.jpg,mosaic_disease,0.9999899864196777
1417446398.jpg,mosaic_disease,0.7732987999916077
1417496054.jpg,mosaic_disease,0.908457338809967
1417975194.jpg,mosaic_disease,0.9707003235816956
1421692593.jpg,mosaic_disease,0.9967907071113586
1422694007.jpg,mosaic_disease,0.7509164810180664
1425154910.jpg,green_mottle,0.9322339296340942
1427622404.jpg,mosaic_disease,0.9888823628425598
142821017.jpg,brown_streak_disease,0.8835008144378662
1428921734.jpg,green_mottle,0.9997146725654602
1429000810.jpg,green_mottle,0.9999557733535767
1430955699.jpg,bacterial_blight,0.7775810360908508
143572777.jpg,green_mottle,0.7955583333969116
1436605997.jpg,healthy,0.8171799778938293
1436835230.jpg,mosaic_disease,0.9999324083328247
1437139355.jpg,mosaic_disease,0.9862794876098633
1439711843.jpg,mosaic_disease,0.8606162071228027
1442310291.jpg,healthy,0.7224176526069641
144301620.jpg,mosaic_disease,0.9377046227455139
1443950929.jpg,mosaic_disease,0.9996992349624634
1445369057.jpg,healthy,0.6325699090957642
1446406888.jpg,mosaic_disease,0.6192748546600342
1446704302.jpg,mosaic_disease,0.9995934367179871
1448397186.jpg,bacterial_blight,0.6736389398574829
1451862945.jpg,mosaic_disease,0.9915899634361267
1452260416.jpg,mosaic_disease,0.591534435749054
1452672436.jpg,mosaic_disease,0.9951167106628418
1454219565.jpg,green_mottle,0.9170640707015991
1457493809.jpg,mosaic_disease,0.9960467219352722
1458603668.jpg,bacterial_blight,0.8860897421836853
1459148536.jpg,mosaic_disease,0.8999431133270264
1459278356.jpg,healthy,0.8858388066291809
1461335818.jpg,mosaic_disease,0.9998825788497925
1465359996.jpg,mosaic_disease,0.9796303510665894
1467601507.jpg,mosaic_disease,0.9974079728126526
1468715314.jpg,bacterial_blight,0.9601084589958191
1469713619.jpg,brown_streak_disease,0.5347077250480652
1470663072.jpg,mosaic_disease,0.9990978240966797
1471005249.jpg,brown_streak_disease,0.9998534917831421
1472296263.jpg,mosaic_disease,0.9112337231636047
1479257856.jpg,mosaic_disease,0.9772541522979736
1481229182.jpg,mosaic_disease,0.993239164352417
1483743890.jpg,mosaic_disease,0.9998112320899963
1483888570.jpg,mosaic_disease,0.6742017865180969
148514131.jpg,brown_streak_disease,0.7084874510765076
148723715.jpg,brown_streak_disease,0.9954857230186462
1487752843.jpg,mosaic_disease,0.948809802532196
1488135132.jpg,mosaic_disease,0.9717169404029846
1488515803.jpg,mosaic_disease,0.9925762414932251
1488901749.jpg,brown_streak_disease,0.6263105869293213
1489161942.jpg,mosaic_disease,0.9994275569915771
1490830673.jpg,mosaic_disease,0.9676403999328613
1490838967.jpg,healthy,0.5942608714103699
149232931.jpg,brown_streak_disease,0.5790731310844421
1492594056.jpg,mosaic_disease,0.9985889792442322
1494523424.jpg,healthy,0.5425862669944763
1494577157.jpg,mosaic_disease,0.9995384216308594
1495877886.jpg,mosaic_disease,0.9510071873664856
1497799028.jpg,bacterial_blight,0.4608711898326874
1498800523.jpg,green_mottle,0.9808838367462158
1499416552.jpg,mosaic_disease,0.977836012840271
1503427899.jpg,mosaic_disease,0.9809876680374146
1503505916.jpg,mosaic_disease,0.9502450227737427
1504892231.jpg,mosaic_disease,0.9237537980079651
1509796476.jpg,mosaic_disease,0.9852017760276794
1510309183.jpg,mosaic_disease,0.9961167573928833
1510845223.jpg,bacterial_blight,0.42115384340286255
1513503205.jpg,green_mottle,0.6956512928009033
1517468243.jpg,brown_streak_disease,0.5251575708389282
1518858149.jpg,mosaic_disease,0.6841309070587158
1520664922.jpg,bacterial_blight,0.9472631216049194
1520672258.jpg,healthy,0.6835794448852539
1524177006.jpg,mosaic_disease,0.95123291015625
1524561947.jpg,mosaic_disease,0.9935033917427063
1524851298.jpg,mosaic_disease,0.9961292743682861
1525088638.jpg,mosaic_disease,0.78826904296875
1526199104.jpg,mosaic_disease,0.9832401871681213
1526798053.jpg,brown_streak_disease,0.40501511096954346
1527129815.jpg,mosaic_disease,0.9999551773071289
1527846790.jpg,mosaic_disease,0.9978808164596558
1528657939.jpg,healthy,0.9703655242919922
1535102624.jpg,mosaic_disease,0.9931536912918091
1535573498.jpg,mosaic_disease,0.8199549913406372
1535644192.jpg,mosaic_disease,0.997062623500824
1539485289.jpg,mosaic_disease,0.9997081160545349
1539509654.jpg,mosaic_disease,0.6734606027603149
1539758625.jpg,brown_streak_disease,0.371010422706604
1540424279.jpg,mosaic_disease,0.6781101822853088
154044716.jpg,mosaic_disease,0.9831411838531494
1540564326.jpg,healthy,0.7835773825645447
1541808301.jpg,mosaic_disease,0.8929001688957214
1542437080.jpg,healthy,0.5875858068466187
1543963201.jpg,brown_streak_disease,0.9706605672836304
1544907945.jpg,mosaic_disease,0.9999834299087524
1546870332.jpg,bacterial_blight,0.8692982196807861
1548476712.jpg,mosaic_disease,0.5556095242500305
1550184448.jpg,mosaic_disease,0.9786828756332397
1551517348.jpg,bacterial_blight,0.5900017023086548
1551557825.jpg,mosaic_disease,0.9987674951553345
1552281514.jpg,green_mottle,0.9998395442962646
1555809175.jpg,mosaic_disease,0.9957056641578674
1555851966.jpg,green_mottle,0.9999736547470093
1556262944.jpg,bacterial_blight,0.9407740235328674
1556505679.jpg,mosaic_disease,0.4543443024158478
1556779187.jpg,mosaic_disease,0.9999082088470459
1557398186.jpg,healthy,0.6056777834892273
155778794.jpg,bacterial_blight,0.7775366902351379
1557930579.jpg,mosaic_disease,0.9876329898834229
1562043567.jpg,bacterial_blight,0.774763822555542
156209433.jpg,brown_streak_disease,0.9967218041419983
1562573948.jpg,healthy,0.6326122283935547
1567964165.jpg,brown_streak_disease,0.989486575126648
1568304787.jpg,mosaic_disease,0.9997130036354065
1568466149.jpg,mosaic_disease,0.9979966282844543
1569164715.jpg,bacterial_blight,0.9535584449768066
1570341270.jpg,bacterial_blight,0.8234969973564148
157149350.jpg,mosaic_disease,0.9992780089378357
1573602024.jpg,healthy,0.6179907917976379
1575013487.jpg,mosaic_disease,0.9988555908203125
1576606254.jpg,bacterial_blight,0.8138869404792786
1578977008.jpg,mosaic_disease,0.9913062453269958
1579603853.jpg,mosaic_disease,0.9119042158126831
1579761476.jpg,brown_streak_disease,0.47773733735084534
1580921361.jpg,green_mottle,0.9628753066062927
1584525423.jpg,green_mottle,0.9061700105667114
1585833498.jpg,mosaic_disease,0.9986650943756104
1586292581.jpg,bacterial_blight,0.9797065258026123
1589160306.jpg,mosaic_disease,0.9996623992919922
1589421421.jpg,brown_streak_disease,0.9986796975135803
1589860418.jpg,mosaic_disease,0.8602748513221741
1590163332.jpg,mosaic_disease,0.9999897480010986
1592499949.jpg,mosaic_disease,0.7318996787071228
1594317361.jpg,mosaic_disease,0.9816701412200928
1597845268.jpg,mosaic_disease,0.9477839469909668
1598187662.jpg,mosaic_disease,0.9997005462646484
1599378224.jpg,mosaic_disease,0.9987072944641113
1603012255.jpg,mosaic_disease,0.999416708946228
1606458459.jpg,green_mottle,0.49214133620262146
1608599582.jpg,healthy,0.9360498189926147
1609127882.jpg,mosaic_disease,0.9849512577056885
1610155369.jpg,mosaic_disease,0.9889447093009949
1610632486.jpg,mosaic_disease,0.9996256828308105
1612177465.jpg,green_mottle,0.9999663829803467
1614856846.jpg,mosaic_disease,0.9984514713287354
1615166642.jpg,green_mottle,0.9999604225158691
1615919700.jpg,brown_streak_disease,0.9219793677330017
1616411405.jpg,mosaic_disease,0.9872913956642151
1616824359.jpg,bacterial_blight,0.5388773679733276
1617179127.jpg,mosaic_disease,0.5156670212745667
1617366913.jpg,green_mottle,0.9987164735794067
1617688706.jpg,mosaic_disease,0.999885082244873
1617838083.jpg,mosaic_disease,0.9858725070953369
1620003976.jpg,mosaic_disease,0.9960052371025085
1620023854.jpg,mosaic_disease,0.9441637396812439
1620970351.jpg,mosaic_disease,0.9997079968452454
1621817975.jpg,mosaic_disease,0.9984167814254761
1622379223.jpg,mosaic_disease,0.45237886905670166
1622568975.jpg,brown_streak_disease,0.9883755445480347
1622914804.jpg,mosaic_disease,0.934788703918457
1623777842.jpg,mosaic_disease,0.9700990915298462
162740748.jpg,brown_streak_disease,0.9995298385620117
1627474400.jpg,brown_streak_disease,0.5119069814682007
1627787371.jpg,mosaic_disease,0.9817258715629578
1628925501.jpg,brown_streak_disease,0.7364275455474854
1629130822.jpg,mosaic_disease,0.9957996010780334
1630010851.jpg,brown_streak_disease,0.9471153020858765
163120716.jpg,green_mottle,0.9999922513961792
1631620098.jpg,mosaic_disease,0.5056666731834412
1632258226.jpg,mosaic_disease,0.8356371521949768
1633620342.jpg,healthy,0.40987029671669006
1634651167.jpg,mosaic_disease,0.984652578830719
1636292294.jpg,mosaic_disease,0.9997479319572449
1637055528.jpg,green_mottle,0.6212710738182068
1638051159.jpg,healthy,0.8347777128219604
163947288.jpg,brown_streak_disease,0.5630109906196594
1643057033.jpg,mosaic_disease,0.9717322587966919
1643576810.jpg,mosaic_disease,0.9996973276138306
1649683387.jpg,bacterial_blight,0.46665099263191223
1650247048.jpg,healthy,0.95257967710495
1653263130.jpg,mosaic_disease,0.8860129117965698
1657183324.jpg,mosaic_disease,0.46428167819976807
1658025063.jpg,healthy,0.6383954882621765
1658661727.jpg,mosaic_disease,0.9938727617263794
165934128.jpg,mosaic_disease,0.9925639033317566
1660551148.jpg,mosaic_disease,0.9743542075157166
1664825517.jpg,mosaic_disease,0.9958590865135193
1668363819.jpg,brown_streak_disease,0.3505343794822693
1670109260.jpg,mosaic_disease,0.9977843165397644
1672251151.jpg,green_mottle,0.7936871647834778
1672763395.jpg,brown_streak_disease,0.9954238533973694
1674972630.jpg,brown_streak_disease,0.5502550601959229
167516751.jpg,mosaic_disease,0.9883183240890503
1677019415.jpg,brown_streak_disease,0.9405210614204407
1677224730.jpg,bacterial_blight,0.6592296361923218
1679578972.jpg,bacterial_blight,0.5614888668060303
1680419623.jpg,mosaic_disease,0.9999332427978516
1680657766.jpg,green_mottle,0.9972364902496338
1681299084.jpg,mosaic_disease,0.8971139192581177
1681870456.jpg,brown_streak_disease,0.9984342455863953
1683677421.jpg,mosaic_disease,0.999677300453186
1683735177.jpg,mosaic_disease,0.9903253316879272
1684427056.jpg,mosaic_disease,0.9968963861465454
1686082281.jpg,brown_streak_disease,0.5933915376663208
1687247558.jpg,healthy,0.5649452805519104
1688759248.jpg,mosaic_disease,0.8968254327774048
1689119367.jpg,mosaic_disease,0.9990513920783997
1689510013.jpg,brown_streak_disease,0.9694027900695801
1690277956.jpg,brown_streak_disease,0.9917221665382385
1690305793.jpg,brown_streak_disease,0.9995531439781189
1690581200.jpg,green_mottle,0.5364196300506592
1691276389.jpg,mosaic_disease,0.9761174321174622
1695222952.jpg,green_mottle,0.6303313374519348
1696213009.jpg,mosaic_disease,0.9786933660507202
1699999256.jpg,brown_streak_disease,0.9937013387680054
1701889907.jpg,mosaic_disease,0.9996918439865112
1702776814.jpg,mosaic_disease,0.8644791841506958
1703457168.jpg,mosaic_disease,0.99672532081604
1703538353.jpg,mosaic_disease,0.9998181462287903
1703598406.jpg,mosaic_disease,0.9963037967681885
1704973107.jpg,mosaic_disease,0.991992712020874
1705904234.jpg,mosaic_disease,0.9969268441200256
1706070292.jpg,bacterial_blight,0.6359425783157349
1706796288.jpg,mosaic_disease,0.9994097948074341
1708591810.jpg,mosaic_disease,0.9988042116165161
1708792236.jpg,healthy,0.3548247814178467
170892269.jpg,healthy,0.7760512232780457
1710187645.jpg,green_mottle,0.8274482488632202
1712337902.jpg,mosaic_disease,0.9874367713928223
1712397585.jpg,brown_streak_disease,0.4673464894294739
1712458333.jpg,green_mottle,0.9318267107009888
1713720885.jpg,healthy,0.4348929226398468
1714436989.jpg,mosaic_disease,0.8501733541488647
1719304067.jpg,mosaic_disease,0.6037166714668274
1720351409.jpg,mosaic_disease,0.7236793041229248
1720653126.jpg,mosaic_disease,0.9994745850563049
1720773250.jpg,green_mottle,0.478718101978302
1723001945.jpg,mosaic_disease,0.9896486401557922
1725925773.jpg,mosaic_disease,0.9999517202377319
1726536780.jpg,brown_streak_disease,0.9727897047996521
1726783807.jpg,mosaic_disease,0.9991708993911743
1730472510.jpg,bacterial_blight,0.7359350919723511
1731218937.jpg,green_mottle,0.522199809551239
1731589806.jpg,green_mottle,0.4150303602218628
1731591176.jpg,mosaic_disease,0.9972212314605713
1732173388.jpg,green_mottle,0.9854632616043091
1733285805.jpg,mosaic_disease,0.9995417594909668
1737267770.jpg,mosaic_disease,0.9792463183403015
1737731640.jpg,mosaic_disease,0.995940089225769
1739864126.jpg,green_mottle,0.6465814709663391
1741040717.jpg,mosaic_disease,0.9992164373397827
1741218848.jpg,mosaic_disease,0.9954982995986938
1741717414.jpg,mosaic_disease,0.992511510848999
1741733319.jpg,mosaic_disease,0.9952836632728577
1744145648.jpg,mosaic_disease,0.9967166781425476
1745816126.jpg,healthy,0.4845685362815857
174674584.jpg,mosaic_disease,0.9949464201927185
1747286543.jpg,mosaic_disease,0.36437100172042847
1748255784.jpg,mosaic_disease,0.9999966621398926
1749530371.jpg,green_mottle,0.9994712471961975
1751029526.jpg,green_mottle,0.6436119079589844
1753621875.jpg,mosaic_disease,0.8512439131736755
1757557877.jpg,mosaic_disease,0.9998763799667358
1758274933.jpg,mosaic_disease,0.9628565907478333
1758852388.jpg,mosaic_disease,0.9941616654396057
1758913732.jpg,mosaic_disease,0.9996906518936157
175989862.jpg,mosaic_disease,0.7819555401802063
1763396057.jpg,healthy,0.8034572005271912
1767778795.jpg,bacterial_blight,0.4020547568798065
1768545420.jpg,mosaic_disease,0.9982966780662537
1768671156.jpg,mosaic_disease,0.9566324949264526
1768909120.jpg,green_mottle,0.9808717966079712
1769895706.jpg,mosaic_disease,0.9999985694885254
1770025671.jpg,mosaic_disease,0.8994694948196411
1770789243.jpg,mosaic_disease,0.9524034857749939
1773042943.jpg,bacterial_blight,0.5503018498420715
1773203521.jpg,mosaic_disease,0.9955484867095947
1775446541.jpg,mosaic_disease,0.9664984345436096
1775680225.jpg,mosaic_disease,0.9986108541488647
1776338335.jpg,mosaic_disease,0.9927077889442444
1777367691.jpg,mosaic_disease,0.9988322854042053
1777490062.jpg,mosaic_disease,0.9982629418373108
1778344931.jpg,green_mottle,0.7129203677177429
1779278752.jpg,brown_streak_disease,0.9506804943084717
1779392681.jpg,mosaic_disease,0.9994503855705261
1781447464.jpg,mosaic_disease,0.9614983797073364
1781932612.jpg,brown_streak_disease,0.870911180973053
1782213029.jpg,mosaic_disease,0.9986140727996826
1784432938.jpg,mosaic_disease,0.9922492504119873
178555372.jpg,healthy,0.6314421892166138
1785877990.jpg,mosaic_disease,0.9384464621543884
1787456859.jpg,mosaic_disease,0.9992710947990417
1788775599.jpg,mosaic_disease,0.99920254945755
1788926581.jpg,mosaic_disease,0.6330024600028992
1789849638.jpg,brown_streak_disease,0.5481084585189819
1791561646.jpg,green_mottle,0.9997960925102234
179171196.jpg,healthy,0.9520872235298157
1791724511.jpg,brown_streak_disease,0.986028254032135
1791819872.jpg,mosaic_disease,0.990644097328186
1794775847.jpg,mosaic_disease,0.9957316517829895
1795318849.jpg,bacterial_blight,0.7852920889854431
1795774689.jpg,healthy,0.6354044079780579
1796126555.jpg,mosaic_disease,0.9934415817260742
1797773732.jpg,healthy,0.5671966671943665
1801881558.jpg,green_mottle,0.5175668001174927
1802409860.jpg,mosaic_disease,0.9622781872749329
1803422865.jpg,green_mottle,0.999991774559021
1804175748.jpg,mosaic_disease,0.7681529521942139
1805228807.jpg,mosaic_disease,0.9958909749984741
180526120.jpg,mosaic_disease,0.7413149476051331
1807049681.jpg,green_mottle,0.9681992530822754
1808491145.jpg,green_mottle,0.9117775559425354
1809122626.jpg,mosaic_disease,0.9971563816070557
1811483991.jpg,mosaic_disease,0.8612815141677856
1814991024.jpg,brown_streak_disease,0.9085227847099304
1815643293.jpg,healthy,0.9755725860595703
1815972967.jpg,healthy,0.6406596302986145
181667206.jpg,healthy,0.6931824088096619
1821315166.jpg,healthy,0.8787957429885864
182316349.jpg,bacterial_blight,0.748734712600708
1823192027.jpg,brown_streak_disease,0.5032459497451782
1824113054.jpg,mosaic_disease,0.996977686882019
1824705261.jpg,mosaic_disease,0.9994452595710754
1827159214.jpg,mosaic_disease,0.9648895859718323
1829820794.jpg,mosaic_disease,0.9383129477500916
1831001186.jpg,mosaic_disease,0.7740892767906189
1831389246.jpg,mosaic_disease,0.9981951117515564
183316854.jpg,mosaic_disease,0.999395489692688
183535060.jpg,mosaic_disease,0.9966253042221069
1835637370.jpg,mosaic_disease,0.9997995495796204
1837309847.jpg,mosaic_disease,0.8595852255821228
1839152868.jpg,mosaic_disease,0.9985452890396118
1839467462.jpg,mosaic_disease,0.9111055731773376
1842263776.jpg,healthy,0.9809353351593018
1843160862.jpg,mosaic_disease,0.982262134552002
1844302649.jpg,bacterial_blight,0.37697988748550415
1844847808.jpg,bacterial_blight,0.734544038772583
1845227647.jpg,mosaic_disease,0.9969871640205383
1845555412.jpg,mosaic_disease,0.9995918869972229
1855493278.jpg,mosaic_disease,0.998530387878418
1856852302.jpg,green_mottle,0.8314672112464905
1859010639.jpg,mosaic_disease,0.9999681711196899
1859104179.jpg,healthy,0.7334310412406921
1860678801.jpg,mosaic_disease,0.9994006156921387
1862072615.jpg,healthy,0.4377997815608978
1865241097.jpg,mosaic_disease,0.9379239678382874
1866858066.jpg,mosaic_disease,0.9970324039459229
1868737413.jpg,mosaic_disease,0.9119412302970886
1870220929.jpg,mosaic_disease,0.9851012229919434
1870630420.jpg,healthy,0.46216902136802673
1870824948.jpg,healthy,0.530537486076355
1871120832.jpg,mosaic_disease,0.9991031885147095
1872997067.jpg,mosaic_disease,0.9842036962509155
1873204876.jpg,brown_streak_disease,0.4711416959762573
1875176388.jpg,mosaic_disease,0.7115548849105835
1878603606.jpg,mosaic_disease,0.9918850660324097
1878671102.jpg,mosaic_disease,0.9909223914146423
18792791.jpg,mosaic_disease,0.9999189376831055
1879306214.jpg,brown_streak_disease,0.7055569291114807
1879473722.jpg,brown_streak_disease,0.7654973864555359
1880302534.jpg,mosaic_disease,0.5685275197029114
1882441539.jpg,mosaic_disease,0.9878013730049133
188551774.jpg,healthy,0.6839699149131775
1887844954.jpg,brown_streak_disease,0.9913930892944336
1889617951.jpg,healthy,0.754014790058136
1890285082.jpg,mosaic_disease,0.999251663684845
1891124969.jpg,mosaic_disease,0.9993139505386353
1892210616.jpg,mosaic_disease,0.9777711033821106
1892378935.jpg,healthy,0.9280728101730347
1892531971.jpg,brown_streak_disease,0.999962568283081
189256302.jpg,brown_streak_disease,0.9999301433563232
1892715809.jpg,green_mottle,0.999997615814209
189339781.jpg,mosaic_disease,0.9940502047538757
1894124003.jpg,brown_streak_disease,0.9990618824958801
1895446245.jpg,mosaic_disease,0.9713872671127319
1897585920.jpg,mosaic_disease,0.9982757568359375
1897758108.jpg,mosaic_disease,0.9974032044410706
1898688057.jpg,mosaic_disease,0.997653067111969
1899098077.jpg,mosaic_disease,0.8870861530303955
1901330627.jpg,mosaic_disease,0.9946799874305725
1901823348.jpg,mosaic_disease,0.9957695007324219
1902379335.jpg,green_mottle,0.9999358654022217
1907583116.jpg,mosaic_disease,0.996185839176178
1908074016.jpg,mosaic_disease,0.40593603253364563
1910208633.jpg,mosaic_disease,0.9666765928268433
191073475.jpg,healthy,0.9145223498344421
1912329791.jpg,brown_streak_disease,0.9214694499969482
1913067109.jpg,mosaic_disease,0.986696183681488
1916750786.jpg,mosaic_disease,0.997731626033783
1918397898.jpg,mosaic_disease,0.9992995262145996
1920538853.jpg,mosaic_disease,0.9807395935058594
1921138686.jpg,brown_streak_disease,0.9514131546020508
1921224656.jpg,mosaic_disease,0.9338732361793518
1922691253.jpg,mosaic_disease,0.5996413230895996
1926346428.jpg,mosaic_disease,0.7006219625473022
1926938373.jpg,mosaic_disease,0.997169554233551
1927374168.jpg,mosaic_disease,0.9997387528419495
1927778435.jpg,healthy,0.9766892194747925
1927862563.jpg,mosaic_disease,0.9908627271652222
1928387839.jpg,mosaic_disease,0.49654796719551086
1928512042.jpg,mosaic_disease,0.9992765784263611
1929477466.jpg,brown_streak_disease,0.7032501101493835
1929510475.jpg,bacterial_blight,0.9614465832710266
1931934349.jpg,green_mottle,0.9986886382102966
1932036531.jpg,mosaic_disease,0.7563726902008057
1933911755.jpg,green_mottle,0.951553225517273
1936058467.jpg,bacterial_blight,0.550297737121582
1938715150.jpg,green_mottle,0.6129922866821289
1939120106.jpg,mosaic_disease,0.9657163023948669
193958679.jpg,bacterial_blight,0.8300482034683228
194035212.jpg,mosaic_disease,0.999472439289093
1941569739.jpg,brown_streak_disease,0.9998890161514282
1948078849.jpg,mosaic_disease,0.8749426603317261
1948579246.jpg,brown_streak_disease,0.9998010993003845
1950825631.jpg,mosaic_disease,0.9998200535774231
1951270318.jpg,green_mottle,0.9721888303756714
1951432594.jpg,mosaic_disease,0.9817314743995667
1951627890.jpg,mosaic_disease,0.9656761884689331
1952459381.jpg,mosaic_disease,0.9997557997703552
1954353329.jpg,mosaic_disease,0.4567762315273285
1955289592.jpg,brown_streak_disease,0.999496340751648
1956034762.jpg,healthy,0.9218913912773132
1957481322.jpg,mosaic_disease,0.9940474033355713
1957687163.jpg,brown_streak_disease,0.9953432083129883
1957897144.jpg,healthy,0.7265768051147461
1958450462.jpg,mosaic_disease,0.9916747212409973
1959596149.jpg,mosaic_disease,0.9990441203117371
1960927003.jpg,healthy,0.8225688338279724
1962653168.jpg,mosaic_disease,0.9988092184066772
1963440956.jpg,healthy,0.6234954595565796
1963478389.jpg,mosaic_disease,0.9995337724685669
1964845483.jpg,mosaic_disease,0.9809374213218689
1965932647.jpg,mosaic_disease,0.9994896650314331
1966385524.jpg,mosaic_disease,0.4926829934120178
196723634.jpg,mosaic_disease,0.7725793123245239
1970290195.jpg,green_mottle,0.9052709341049194
1971179233.jpg,mosaic_disease,0.9995102882385254
1971360173.jpg,mosaic_disease,0.999215841293335
1971423032.jpg,healthy,0.7990577220916748
1971706918.jpg,brown_streak_disease,0.9998007416725159
1974242714.jpg,green_mottle,0.8755866885185242
1974404627.jpg,mosaic_disease,0.9987139701843262
1978570472.jpg,mosaic_disease,0.9998183846473694
1979887558.jpg,brown_streak_disease,0.6336739659309387
1981073260.jpg,bacterial_blight,0.48125243186950684
1981291103.jpg,green_mottle,0.567362368106842
1982908964.jpg,healthy,0.9138208627700806
1983266061.jpg,mosaic_disease,0.9998669624328613
1983422244.jpg,brown_streak_disease,0.7079879641532898
1983581913.jpg,brown_streak_disease,0.6085247993469238
1983716706.jpg,mosaic_disease,0.9996180534362793
1984285050.jpg,green_mottle,0.9707467555999756
1986556511.jpg,mosaic_disease,0.9993805885314941
1986722045.jpg,mosaic_disease,0.9224584102630615
1988550329.jpg,mosaic_disease,0.9639086723327637
198858011.jpg,mosaic_disease,0.9950372576713562
1989543996.jpg,green_mottle,0.8987456560134888
1990916295.jpg,bacterial_blight,0.9629707932472229
1991311917.jpg,brown_streak_disease,0.5238354206085205
1991345445.jpg,mosaic_disease,0.9997801184654236
1993274456.jpg,mosaic_disease,0.992421567440033
199365289.jpg,green_mottle,0.999967098236084
1993797048.jpg,bacterial_blight,0.8830008506774902
1994226029.jpg,brown_streak_disease,0.5649210214614868
1995081893.jpg,mosaic_disease,0.9982832670211792
1996317543.jpg,green_mottle,0.9767153859138489
1996736745.jpg,healthy,0.7489813566207886
1998676158.jpg,mosaic_disease,0.9693971276283264
1999233979.jpg,mosaic_disease,0.9997299313545227
1999715913.jpg,healthy,0.6420345902442932
2000281372.jpg,mosaic_disease,0.6483079195022583
2001457610.jpg,mosaic_disease,0.9566057920455933
2002072647.jpg,green_mottle,0.8780956268310547
2002772795.jpg,mosaic_disease,0.8077216148376465
2002853239.jpg,brown_streak_disease,0.5823183655738831
200330382.jpg,mosaic_disease,0.9822284579277039
2003956257.jpg,mosaic_disease,0.9998125433921814
2005247448.jpg,mosaic_disease,0.9999312162399292
201033185.jpg,mosaic_disease,0.9508807063102722
2011474799.jpg,brown_streak_disease,0.9990019202232361
20153440.jpg,healthy,0.4288165867328644
2016031973.jpg,mosaic_disease,0.6443290710449219
2016298412.jpg,green_mottle,0.5203304886817932
2016930631.jpg,mosaic_disease,0.6952307224273682
2016976059.jpg,brown_streak_disease,0.9343396425247192
2017329516.jpg,mosaic_disease,0.9999310970306396
2018748620.jpg,mosaic_disease,0.9991129040718079
2019072714.jpg,green_mottle,0.5147289037704468
2019191905.jpg,mosaic_disease,0.9166020154953003
2019763598.jpg,mosaic_disease,0.9742236137390137
2021244568.jpg,mosaic_disease,0.994041383266449
2021497832.jpg,mosaic_disease,0.9928794503211975
2021701763.jpg,mosaic_disease,0.738137423992157
2021955535.jpg,mosaic_disease,0.6160507798194885
2022032014.jpg,mosaic_disease,0.984459638595581
2022806840.jpg,healthy,0.9256473779678345
2024172583.jpg,mosaic_disease,0.9999289512634277
2027047978.jpg,mosaic_disease,0.9908066391944885
2027184079.jpg,mosaic_disease,0.9999874830245972
2028194351.jpg,brown_streak_disease,0.7228237986564636
2028259586.jpg,green_mottle,0.5847662687301636
2028754685.jpg,brown_streak_disease,0.6174740791320801
2028922516.jpg,mosaic_disease,0.991659939289093
2029017692.jpg,mosaic_disease,0.9747410416603088
2029911058.jpg,mosaic_disease,0.9999232292175293
2030421746.jpg,mosaic_disease,0.9996448755264282
203087445.jpg,brown_streak_disease,0.5898007154464722
2033648478.jpg,mosaic_disease,0.8045101761817932
2033709422.jpg,mosaic_disease,0.9999685287475586
2034179066.jpg,brown_streak_disease,0.999992847442627
2034300909.jpg,mosaic_disease,0.6829800605773926
2038307832.jpg,mosaic_disease,0.998324453830719
204127246.jpg,mosaic_disease,0.9978029131889343
2042091361.jpg,mosaic_disease,0.9998165965080261
2043405600.jpg,mosaic_disease,0.9999085664749146
2045367383.jpg,mosaic_disease,0.7443199753761292
2051048628.jpg,mosaic_disease,0.9877399802207947
2051816326.jpg,mosaic_disease,0.9914348721504211
205249425.jpg,mosaic_disease,0.9993603825569153
2052889955.jpg,green_mottle,0.9888838529586792
2054719137.jpg,mosaic_disease,0.9861063957214355
2054830345.jpg,brown_streak_disease,0.8964453935623169
2055419164.jpg,mosaic_disease,0.9999947547912598
2056049935.jpg,brown_streak_disease,0.9494814872741699
2056102313.jpg,green_mottle,0.9425673484802246
2057019092.jpg,mosaic_disease,0.8054912090301514
2059254361.jpg,healthy,0.540798544883728
2059987520.jpg,mosaic_disease,0.9998117089271545
2064086293.jpg,mosaic_disease,0.9925456643104553
206432986.jpg,healthy,0.9689439535140991
2064730340.jpg,mosaic_disease,0.9652554988861084
2065621111.jpg,healthy,0.939646303653717
2067363667.jpg,green_mottle,0.42753082513809204
2069885945.jpg,healthy,0.44013911485671997
2070022132.jpg,mosaic_disease,0.9407978653907776
2070373158.jpg,mosaic_disease,0.9999011754989624
207069305.jpg,mosaic_disease,0.9999489784240723
2073193450.jpg,brown_streak_disease,0.9873091578483582
207626715.jpg,mosaic_disease,0.9836785197257996
2078445415.jpg,mosaic_disease,0.9153010845184326
2078503653.jpg,mosaic_disease,0.9996321201324463
2078875826.jpg,green_mottle,0.9976935982704163
2078899075.jpg,healthy,0.30886226892471313
2079076752.jpg,mosaic_disease,0.9932337403297424
2079090639.jpg,bacterial_blight,0.4796513319015503
2079354513.jpg,mosaic_disease,0.9727018475532532
2080902492.jpg,mosaic_disease,0.9998602867126465
2082079788.jpg,mosaic_disease,0.9995144605636597
2082157575.jpg,healthy,0.5007626414299011
208431523.jpg,green_mottle,0.6954715847969055
2084711314.jpg,brown_streak_disease,0.4891808331012726
2084810608.jpg,healthy,0.7091562151908875
2084909272.jpg,mosaic_disease,0.9948154091835022
2086061590.jpg,mosaic_disease,0.9689695835113525
2086436188.jpg,mosaic_disease,0.9984922409057617
2086525919.jpg,healthy,0.4973435401916504
2086555883.jpg,mosaic_disease,0.9988699555397034
2086771327.jpg,mosaic_disease,0.987293004989624
2086830475.jpg,brown_streak_disease,0.6469257473945618
2089510627.jpg,mosaic_disease,0.9852978587150574
2090381650.jpg,mosaic_disease,0.9994526505470276
2092954094.jpg,green_mottle,0.3723326027393341
20966306.jpg,green_mottle,0.5101748704910278
2097195239.jpg,mosaic_disease,0.9998137354850769
2097527991.jpg,mosaic_disease,0.9990977048873901
2098616985.jpg,mosaic_disease,0.7762688994407654
2098910919.jpg,mosaic_disease,0.9952080845832825
2101057157.jpg,mosaic_disease,0.49529069662094116
210185909.jpg,mosaic_disease,0.9766771793365479
2103640329.jpg,mosaic_disease,0.4340816140174866
2106727602.jpg,mosaic_disease,0.9651663303375244
2107635089.jpg,healthy,0.3779270648956299
2108802993.jpg,mosaic_disease,0.9983970522880554
210902208.jpg,mosaic_disease,0.9185615181922913
2110342774.jpg,mosaic_disease,0.9997871518135071
2110598019.jpg,mosaic_disease,0.9976280331611633
2111990467.jpg,bacterial_blight,0.5015561580657959
2112146017.jpg,mosaic_disease,0.9273515343666077
2113897648.jpg,healthy,0.9400912523269653
211439133.jpg,green_mottle,0.9963681697845459
2115818711.jpg,mosaic_disease,0.9760743975639343
211733181.jpg,healthy,0.8188325762748718
2118892329.jpg,healthy,0.879887580871582
2123430239.jpg,mosaic_disease,0.9968067407608032
212828935.jpg,mosaic_disease,0.9990056157112122
2129562481.jpg,mosaic_disease,0.8309885263442993
2129589240.jpg,mosaic_disease,0.9995917677879333
2130686560.jpg,mosaic_disease,0.9874747395515442
2133324266.jpg,mosaic_disease,0.950839102268219
2134759369.jpg,healthy,0.6441527605056763
2135458138.jpg,mosaic_disease,0.9981350898742676
2138515969.jpg,brown_streak_disease,0.8267062306404114
2139869177.jpg,mosaic_disease,0.999183714389801
2140850552.jpg,mosaic_disease,0.8049575686454773
2140927238.jpg,mosaic_disease,0.9998620748519897
2141137374.jpg,healthy,0.26780709624290466
2143249620.jpg,mosaic_disease,0.49608054757118225
2143275369.jpg,green_mottle,0.5832861661911011
214640752.jpg,healthy,0.537959635257721
2147491241.jpg,mosaic_disease,0.9957815408706665
2148866933.jpg,mosaic_disease,0.7704268097877502
2149765362.jpg,brown_streak_disease,0.9180997014045715
2151050324.jpg,green_mottle,0.952370822429657
2154249381.jpg,mosaic_disease,0.9990473389625549
2154562670.jpg,bacterial_blight,0.7883480191230774
2154740842.jpg,mosaic_disease,0.9999306201934814
2154958086.jpg,green_mottle,0.9545904994010925
2156480283.jpg,mosaic_disease,0.8129423260688782
2156883044.jpg,mosaic_disease,0.9999736547470093
2157124737.jpg,mosaic_disease,0.987307608127594
2159189425.jpg,mosaic_disease,0.999823272228241
2161053094.jpg,mosaic_disease,0.9999269247055054
2161797110.jpg,mosaic_disease,0.8187918663024902
2170557341.jpg,mosaic_disease,0.9918979406356812
2172089965.jpg,mosaic_disease,0.7491185069084167
2173342901.jpg,mosaic_disease,0.9079375863075256
217477861.jpg,mosaic_disease,0.9984196424484253
2174889455.jpg,mosaic_disease,0.9766453504562378
2175327103.jpg,healthy,0.8325978517532349
2178075893.jpg,mosaic_disease,0.9781376123428345
2178754842.jpg,mosaic_disease,0.9747194647789001
2178815503.jpg,mosaic_disease,0.8467532396316528
2179250488.jpg,mosaic_disease,0.9126647114753723
2179468784.jpg,mosaic_disease,0.9983922839164734
2182334736.jpg,mosaic_disease,0.9156971573829651
2184099355.jpg,mosaic_disease,0.9999383687973022
2185068357.jpg,mosaic_disease,0.9139795899391174
2186042272.jpg,mosaic_disease,0.999976396560669
2186113594.jpg,mosaic_disease,0.9921665191650391
2189140444.jpg,healthy,0.8385995030403137
218932775.jpg,healthy,0.6076728105545044
2190921157.jpg,mosaic_disease,0.9895648956298828
219119835.jpg,green_mottle,0.9451354146003723
2191328263.jpg,healthy,0.7326574325561523
2191379565.jpg,mosaic_disease,0.702282726764679
2193031874.jpg,mosaic_disease,0.9973467588424683
2193450129.jpg,mosaic_disease,0.9889589548110962
2198293252.jpg,mosaic_disease,0.9894562363624573
2198591812.jpg,green_mottle,0.9999786615371704
2199327268.jpg,healthy,0.6885656714439392
2199495585.jpg,mosaic_disease,0.6509661078453064
219949624.jpg,brown_streak_disease,0.7336848974227905
2199936871.jpg,mosaic_disease,0.5876548290252686
2200120036.jpg,healthy,0.4735739827156067
2200310457.jpg,mosaic_disease,0.9255902767181396
2200408441.jpg,mosaic_disease,0.9956488013267517
2202131582.jpg,brown_streak_disease,0.5762906074523926
2202750916.jpg,mosaic_disease,0.997089684009552
2203128362.jpg,mosaic_disease,0.8959539532661438
2203184461.jpg,mosaic_disease,0.9552217125892639
2208299443.jpg,mosaic_disease,0.9958309531211853
2208840546.jpg,mosaic_disease,0.990602970123291
220903933.jpg,healthy,0.9188352823257446
2209567923.jpg,healthy,0.8406546711921692
2210634392.jpg,mosaic_disease,0.9988691210746765
2211468159.jpg,mosaic_disease,0.9998878240585327
2212089862.jpg,mosaic_disease,0.4913564920425415
2214549486.jpg,mosaic_disease,0.6786982417106628
2215986164.jpg,mosaic_disease,0.9954391121864319
2216366508.jpg,healthy,0.46785032749176025
2216772761.jpg,brown_streak_disease,0.45777609944343567
2216829799.jpg,mosaic_disease,0.9999186992645264
2217091217.jpg,healthy,0.6327981352806091
2217598381.jpg,mosaic_disease,0.9999973773956299
2218341655.jpg,bacterial_blight,0.5096296668052673
2218891230.jpg,healthy,0.9654301404953003
2220628508.jpg,mosaic_disease,0.9992645382881165
2220656958.jpg,green_mottle,0.9936823844909668
2221155069.jpg,mosaic_disease,0.9965947270393372
2221302395.jpg,mosaic_disease,0.9961259961128235
222165082.jpg,mosaic_disease,0.9972690939903259
2225422643.jpg,mosaic_disease,0.9908220767974854
2227639831.jpg,green_mottle,0.6030314564704895
2227901688.jpg,mosaic_disease,0.9943810105323792
2228138892.jpg,mosaic_disease,0.9717716574668884
222987451.jpg,green_mottle,0.5976498126983643
2231080458.jpg,mosaic_disease,0.9694874286651611
223143311.jpg,green_mottle,0.9999412298202515
2234089477.jpg,mosaic_disease,0.9997045397758484
22341045.jpg,green_mottle,0.9999380111694336
2236456685.jpg,mosaic_disease,0.9428760409355164
2237276919.jpg,mosaic_disease,0.9965465664863586
2237756499.jpg,mosaic_disease,0.9960242509841919
2238956267.jpg,mosaic_disease,0.9940943121910095
2240115800.jpg,mosaic_disease,0.9994606375694275
2242706727.jpg,green_mottle,0.900140643119812
2243541656.jpg,green_mottle,0.9996695518493652
2244163823.jpg,mosaic_disease,0.8331910371780396
2245645111.jpg,green_mottle,0.553085207939148
2246240102.jpg,mosaic_disease,0.8814969658851624
2247445291.jpg,mosaic_disease,0.9454361200332642
2247595260.jpg,healthy,0.5223643779754639
2247618278.jpg,brown_streak_disease,0.43309900164604187
2248271758.jpg,mosaic_disease,0.9997187256813049
2249556134.jpg,green_mottle,0.49207428097724915
2251583230.jpg,brown_streak_disease,0.996925413608551
2252107066.jpg,green_mottle,0.7749337553977966
2252903610.jpg,mosaic_disease,0.9986586570739746
2254310915.jpg,mosaic_disease,0.8493000268936157
2254620180.jpg,mosaic_disease,0.9993395209312439
2257439526.jpg,mosaic_disease,0.9988380074501038
2258402011.jpg,bacterial_blight,0.6769304275512695
2259672910.jpg,mosaic_disease,0.9890345335006714
226029154.jpg,healthy,0.4750344157218933
2261145380.jpg,brown_streak_disease,0.9841825366020203
2261494787.jpg,brown_streak_disease,0.5706584453582764
2261678500.jpg,bacterial_blight,0.9917985200881958
2264163141.jpg,green_mottle,0.6503111720085144
226485421.jpg,mosaic_disease,0.8192917108535767
226533928.jpg,healthy,0.3803948163986206
226557134.jpg,mosaic_disease,0.9992091059684753
2266026214.jpg,healthy,0.5188406109809875
2266461434.jpg,mosaic_disease,0.9990845918655396
2266545283.jpg,mosaic_disease,0.9846291542053223
2266653294.jpg,mosaic_disease,0.9999845027923584
2268128907.jpg,mosaic_disease,0.5606932640075684
2269122583.jpg,mosaic_disease,0.9907100796699524
2271567719.jpg,mosaic_disease,0.9996862411499023
2271731125.jpg,mosaic_disease,0.9430379271507263
2272490534.jpg,mosaic_disease,0.9947000741958618
227385036.jpg,mosaic_disease,0.7149073481559753
2278017076.jpg,mosaic_disease,0.9999778270721436
2278265576.jpg,green_mottle,0.9962072372436523
227921485.jpg,healthy,0.9242437481880188
2279465716.jpg,green_mottle,0.7180888652801514
2279625140.jpg,healthy,0.8526073098182678
2281344885.jpg,mosaic_disease,0.9148815870285034
2281714249.jpg,mosaic_disease,0.9977951049804688
2283452558.jpg,healthy,0.9601342082023621
2283773342.jpg,mosaic_disease,0.9994181394577026
2286124427.jpg,healthy,0.9694507718086243
2287137676.jpg,mosaic_disease,0.9983065128326416
2289742337.jpg,green_mottle,0.8373068571090698
229033895.jpg,mosaic_disease,0.9982832670211792
2290881666.jpg,brown_streak_disease,0.8301764726638794
22910447.jpg,mosaic_disease,0.9753581881523132
2291266654.jpg,green_mottle,0.4723803699016571
2291601784.jpg,mosaic_disease,0.9822059869766235
2292375600.jpg,mosaic_disease,0.9997270703315735
2292792964.jpg,mosaic_disease,0.8579443097114563
2293304630.jpg,mosaic_disease,0.9950270056724548
2293657925.jpg,brown_streak_disease,0.7106627821922302
2293810835.jpg,mosaic_disease,0.9993963241577148
2294026382.jpg,brown_streak_disease,0.9776535630226135
2295473688.jpg,mosaic_disease,0.9976335763931274
2297653946.jpg,healthy,0.9731813073158264
230143861.jpg,mosaic_disease,0.9952087998390198
2302273705.jpg,mosaic_disease,0.8959067463874817
2302834762.jpg,mosaic_disease,0.9941248297691345
2303172633.jpg,mosaic_disease,0.999964714050293
2303513510.jpg,mosaic_disease,0.9972374439239502
2305707140.jpg,healthy,0.38149628043174744
23064716.jpg,bacterial_blight,0.799735963344574
230708644.jpg,bacterial_blight,0.8095736503601074
2307329953.jpg,mosaic_disease,0.9957834482192993
2308142554.jpg,mosaic_disease,0.9584848880767822
2309592212.jpg,green_mottle,0.9477982521057129
2310639649.jpg,mosaic_disease,0.9990342855453491
2316157970.jpg,mosaic_disease,0.9996007084846497
2316863882.jpg,mosaic_disease,0.9941624999046326
2317623527.jpg,mosaic_disease,0.9991291165351868
2318923331.jpg,mosaic_disease,0.931216299533844
2319594231.jpg,brown_streak_disease,0.5158116817474365
2319634865.jpg,green_mottle,0.9827480912208557
2319698131.jpg,healthy,0.8683785796165466
2319938868.jpg,mosaic_disease,0.9998717308044434
2321343793.jpg,mosaic_disease,0.9862452745437622
2321958432.jpg,mosaic_disease,0.9987955093383789
2322601993.jpg,green_mottle,0.9771231412887573
2323982153.jpg,mosaic_disease,0.9889615178108215
232417860.jpg,mosaic_disease,0.9970715045928955
2324445131.jpg,mosaic_disease,0.9986733198165894
2327104928.jpg,bacterial_blight,0.6449338793754578
2328232125.jpg,mosaic_disease,0.985451340675354
232991186.jpg,mosaic_disease,0.4823782444000244
2331763363.jpg,healthy,0.5603066086769104
2333760008.jpg,green_mottle,0.9998183846473694
2337385622.jpg,mosaic_disease,0.9931108951568604
2341674126.jpg,mosaic_disease,0.764962911605835
2342506991.jpg,mosaic_disease,0.9379807710647583
2343109986.jpg,brown_streak_disease,0.9480499029159546
2343661462.jpg,mosaic_disease,0.997416615486145
2345007485.jpg,mosaic_disease,0.9997134804725647
2345756157.jpg,mosaic_disease,0.941390335559845
2346244261.jpg,brown_streak_disease,0.35935211181640625
2349124978.jpg,green_mottle,0.490048885345459
2349933641.jpg,mosaic_disease,0.8179581165313721
2351001169.jpg,mosaic_disease,0.9943119287490845
235258659.jpg,mosaic_disease,0.9980676770210266
2356810303.jpg,mosaic_disease,0.9992293119430542
2360034731.jpg,brown_streak_disease,0.996518611907959
2360058086.jpg,mosaic_disease,0.9999599456787109
2360164721.jpg,mosaic_disease,0.9999299049377441
2361236588.jpg,mosaic_disease,0.9929526448249817
2365989054.jpg,mosaic_disease,0.9897998571395874
2368198157.jpg,mosaic_disease,0.44660258293151855
2368468468.jpg,mosaic_disease,0.9894730448722839
2369756081.jpg,brown_streak_disease,0.8453730344772339
2369898303.jpg,mosaic_disease,0.534940242767334
2370095283.jpg,mosaic_disease,0.9948413968086243
2370587478.jpg,mosaic_disease,0.9999728202819824
2373622965.jpg,mosaic_disease,0.9859611988067627
2375040666.jpg,green_mottle,0.7132691740989685
2378611640.jpg,brown_streak_disease,0.6623539924621582
2378878506.jpg,bacterial_blight,0.48145362734794617
2378984273.jpg,healthy,0.8302055597305298
238134855.jpg,mosaic_disease,0.8369426131248474
2382704468.jpg,mosaic_disease,0.9053311347961426
2382758285.jpg,mosaic_disease,0.9588428139686584
2383430645.jpg,mosaic_disease,0.9930928945541382
2384551148.jpg,healthy,0.7775503993034363
2386253796.jpg,mosaic_disease,0.9993860721588135
2388034478.jpg,green_mottle,0.9999994039535522
2388256843.jpg,mosaic_disease,0.9970381259918213
2389802150.jpg,mosaic_disease,0.9997618794441223
2390205011.jpg,mosaic_disease,0.9944410920143127
2390382955.jpg,mosaic_disease,0.9997004270553589
2391748814.jpg,mosaic_disease,0.9986913800239563
2395724098.jpg,mosaic_disease,0.933897078037262
2395963049.jpg,mosaic_disease,0.9997509121894836
239724736.jpg,mosaic_disease,0.9996732473373413
23975111.jpg,mosaic_disease,0.9737733006477356
2398365273.jpg,mosaic_disease,0.9998745918273926
2399421947.jpg,brown_streak_disease,0.795138955116272
2400029036.jpg,green_mottle,0.998927652835846
2400953436.jpg,brown_streak_disease,0.5173975229263306
2401831630.jpg,brown_streak_disease,0.769963800907135
2401897926.jpg,mosaic_disease,0.9752690196037292
240215546.jpg,mosaic_disease,0.9991488456726074
2403083568.jpg,mosaic_disease,0.9984486103057861
2404183364.jpg,healthy,0.780535876750946
2404812661.jpg,green_mottle,0.7650495767593384
2405490653.jpg,green_mottle,0.9759407639503479
2405788205.jpg,mosaic_disease,0.9999784231185913
2407733986.jpg,healthy,0.9226797223091125
2410206880.jpg,healthy,0.8305130004882812
2412808296.jpg,mosaic_disease,0.9998225569725037
2413063602.jpg,mosaic_disease,0.9991983771324158
2414488257.jpg,mosaic_disease,0.9854265451431274
2417374571.jpg,mosaic_disease,0.9999939203262329
241951779.jpg,mosaic_disease,0.6853218078613281
2420114493.jpg,healthy,0.7005841135978699
2420155163.jpg,mosaic_disease,0.9993833303451538
2421492761.jpg,mosaic_disease,0.963925838470459
2421980371.jpg,green_mottle,0.6525203585624695
2423538120.jpg,brown_streak_disease,0.6568856835365295
242444737.jpg,mosaic_disease,0.9245538115501404
2425385872.jpg,mosaic_disease,0.8726672530174255
2428265097.jpg,mosaic_disease,0.9494406580924988
2428617984.jpg,bacterial_blight,0.983960747718811
2429433234.jpg,mosaic_disease,0.9759984612464905
2431396348.jpg,bacterial_blight,0.4745867848396301
2432592527.jpg,mosaic_disease,0.9216362833976746
2432967687.jpg,brown_streak_disease,0.9830157160758972
2435254407.jpg,mosaic_disease,0.9973881840705872
2436214521.jpg,brown_streak_disease,0.6494056582450867
2437151204.jpg,mosaic_disease,0.997521698474884
2437198013.jpg,mosaic_disease,0.8077750205993652
2437615613.jpg,mosaic_disease,0.9993641972541809
2440261962.jpg,mosaic_disease,0.9998714923858643
2444106411.jpg,brown_streak_disease,0.9964860677719116
2444482015.jpg,healthy,0.8593534827232361
2447025051.jpg,mosaic_disease,0.9998834133148193
2447086641.jpg,healthy,0.58102947473526
2448661412.jpg,mosaic_disease,0.8982240557670593
2450545291.jpg,mosaic_disease,0.3026757836341858
2451619030.jpg,mosaic_disease,0.9256842136383057
2454252015.jpg,healthy,0.7721850872039795
2455047257.jpg,mosaic_disease,0.7346175909042358
2457010245.jpg,healthy,0.8521949052810669
2458565094.jpg,healthy,0.6183281540870667
2461604089.jpg,mosaic_disease,0.999716579914093
2461718953.jpg,bacterial_blight,0.8379389047622681
2462086186.jpg,mosaic_disease,0.9990733861923218
2462343820.jpg,green_mottle,0.647887647151947
2462747672.jpg,mosaic_disease,0.9949008226394653
2463031919.jpg,mosaic_disease,0.9999617338180542
2463819050.jpg,healthy,0.7571190595626831
2464983758.jpg,healthy,0.3549283742904663
2466033543.jpg,mosaic_disease,0.9998252987861633
2466684931.jpg,mosaic_disease,0.9780068397521973
2466948945.jpg,mosaic_disease,0.999319314956665
2467248258.jpg,mosaic_disease,0.9980964064598083
2467873182.jpg,brown_streak_disease,0.9845865964889526
2468594411.jpg,green_mottle,1.0
2468769812.jpg,mosaic_disease,0.9648670554161072
2468963984.jpg,mosaic_disease,0.9962021708488464
2469042069.jpg,mosaic_disease,0.9943346977233887
2474050099.jpg,bacterial_blight,0.9077040553092957
2475812200.jpg,brown_streak_disease,0.9528304934501648
2476023220.jpg,mosaic_disease,0.9974679946899414
247720048.jpg,mosaic_disease,0.9999833106994629
2478368838.jpg,brown_streak_disease,0.5473726987838745
2478621909.jpg,mosaic_disease,0.8373064398765564
2479637031.jpg,mosaic_disease,0.999544084072113
2480147143.jpg,mosaic_disease,0.997109591960907
2480234576.jpg,brown_streak_disease,0.9996417760848999
2484373271.jpg,bacterial_blight,0.6571158170700073
248540513.jpg,mosaic_disease,0.9981460571289062
2486633208.jpg,mosaic_disease,0.9999710321426392
2487571840.jpg,mosaic_disease,0.6509127616882324
2491752039.jpg,mosaic_disease,0.6954260468482971
2492339911.jpg,bacterial_blight,0.3865101635456085
2495474828.jpg,mosaic_disease,0.9427312016487122
249561882.jpg,mosaic_disease,0.9996091723442078
249583013.jpg,mosaic_disease,0.9972754120826721
249609077.jpg,brown_streak_disease,0.3876308798789978
2496805382.jpg,mosaic_disease,0.5608715415000916
249686764.jpg,mosaic_disease,0.8078062534332275
2498224587.jpg,healthy,0.7664364576339722
2498535927.jpg,healthy,0.6617922186851501
2499859350.jpg,healthy,0.5326508283615112
2501557988.jpg,mosaic_disease,0.8499581813812256
2503003890.jpg,bacterial_blight,0.6709690093994141
2504965655.jpg,mosaic_disease,0.9998745918273926
2505046113.jpg,bacterial_blight,0.7509463429450989
2505719500.jpg,healthy,0.5024987459182739
2508113831.jpg,brown_streak_disease,0.839398205280304
2508483326.jpg,mosaic_disease,0.8778237104415894
2509423780.jpg,mosaic_disease,0.9979960918426514
2509756796.jpg,mosaic_disease,0.37194934487342834
2510072136.jpg,green_mottle,0.45851024985313416
2510540586.jpg,mosaic_disease,0.9340257048606873
25116516.jpg,mosaic_disease,0.4069792628288269
2512237524.jpg,brown_streak_disease,0.9999914169311523
25132460.jpg,bacterial_blight,0.46927782893180847
2513639394.jpg,healthy,0.8070511817932129
2514350663.jpg,mosaic_disease,0.9555643796920776
2515485322.jpg,mosaic_disease,0.943642258644104
2517952963.jpg,mosaic_disease,0.9850416779518127
2518036553.jpg,healthy,0.860985279083252
2520567878.jpg,mosaic_disease,0.6223427057266235
2520831403.jpg,mosaic_disease,0.9919723272323608
2521365018.jpg,healthy,0.6538154482841492
2523038081.jpg,mosaic_disease,0.9999918937683105
2523040233.jpg,mosaic_disease,0.9997640252113342
2523259932.jpg,mosaic_disease,0.9993570446968079
252419229.jpg,mosaic_disease,0.9841694831848145
2524440517.jpg,brown_streak_disease,0.9994914531707764
2524454898.jpg,mosaic_disease,0.8373306393623352
2527296327.jpg,healthy,0.5984398722648621
2528148363.jpg,mosaic_disease,0.9976626634597778
2529358101.jpg,green_mottle,0.874005138874054
2530435874.jpg,mosaic_disease,0.9987425208091736
2530732959.jpg,mosaic_disease,0.9110127091407776
253094406.jpg,mosaic_disease,0.9826142191886902
2532355205.jpg,mosaic_disease,0.7553476095199585
2532378110.jpg,mosaic_disease,0.9998290538787842
2532813742.jpg,green_mottle,0.9755203723907471
253313711.jpg,mosaic_disease,0.9977123737335205
2534666222.jpg,mosaic_disease,0.7262649536132812
2534943188.jpg,mosaic_disease,0.9998940229415894
2536929613.jpg,mosaic_disease,0.9779009222984314
2540924084.jpg,mosaic_disease,0.9930139183998108
2541245392.jpg,mosaic_disease,0.9999419450759888
2542075685.jpg,mosaic_disease,0.5620960593223572
2542175264.jpg,mosaic_disease,0.9303411245346069
254280460.jpg,mosaic_disease,0.9754528999328613
2542872391.jpg,mosaic_disease,0.9888827204704285
254357332.jpg,mosaic_disease,0.6228327751159668
2548262231.jpg,brown_streak_disease,0.9903771281242371
2548461545.jpg,brown_streak_disease,0.48208391666412354
2549195631.jpg,mosaic_disease,0.9914759397506714
2549375363.jpg,green_mottle,0.970421552658081
2556137627.jpg,healthy,0.5410405993461609
2556155582.jpg,mosaic_disease,0.9991542100906372
255761886.jpg,mosaic_disease,0.6983843445777893
2557965026.jpg,brown_streak_disease,0.8426192402839661
2558884155.jpg,mosaic_disease,0.9484267830848694
2559119042.jpg,healthy,0.7535894513130188
2559872231.jpg,mosaic_disease,0.9934414625167847
2560468045.jpg,mosaic_disease,0.9999933242797852
2560940001.jpg,mosaic_disease,0.9925954937934875
2562280265.jpg,mosaic_disease,0.9948716163635254
2563137866.jpg,mosaic_disease,0.9974316954612732
2563710464.jpg,healthy,0.7200132608413696
2566633493.jpg,mosaic_disease,0.998918890953064
2567112394.jpg,mosaic_disease,0.9974831938743591
2568890447.jpg,mosaic_disease,0.5701653361320496
2568949688.jpg,mosaic_disease,0.9975613355636597
2569050922.jpg,mosaic_disease,0.9446983933448792
2569150875.jpg,mosaic_disease,0.9981899857521057
2570786789.jpg,brown_streak_disease,0.8876875042915344
2573993718.jpg,mosaic_disease,0.9988095760345459
2575015649.jpg,mosaic_disease,0.9876565933227539
2575899944.jpg,green_mottle,0.5149019956588745
2576339039.jpg,mosaic_disease,0.9998517036437988
2580905248.jpg,mosaic_disease,0.9936789870262146
258253519.jpg,mosaic_disease,0.9967542290687561
2586811772.jpg,mosaic_disease,0.9998038411140442
2587457959.jpg,mosaic_disease,0.9991996884346008
2589213351.jpg,mosaic_disease,0.9868913292884827
2591214173.jpg,mosaic_disease,0.9983081817626953
2593364251.jpg,mosaic_disease,0.9973055124282837
2593776626.jpg,bacterial_blight,0.6480772495269775
2594433845.jpg,mosaic_disease,0.9993376135826111
259514647.jpg,mosaic_disease,0.9999291896820068
2595356168.jpg,brown_streak_disease,0.6716266870498657
2596091150.jpg,mosaic_disease,0.7300673723220825
2598282784.jpg,mosaic_disease,0.9991707801818848
2601453932.jpg,healthy,0.8683112859725952
2602035083.jpg,mosaic_disease,0.9524717330932617
2602649407.jpg,mosaic_disease,0.8738739490509033
2602727826.jpg,green_mottle,0.863631010055542
2603943138.jpg,mosaic_disease,0.6719846129417419
2604878350.jpg,healthy,0.7641999125480652
2607049365.jpg,mosaic_disease,0.9809460043907166
2607295923.jpg,mosaic_disease,0.9971331357955933
2607761744.jpg,healthy,0.8783677816390991
2609143290.jpg,green_mottle,0.9995367527008057
2609452359.jpg,mosaic_disease,0.9504380226135254
2614256143.jpg,green_mottle,0.855724573135376
2616771269.jpg,healthy,0.4750724136829376
2617970250.jpg,mosaic_disease,0.9996175765991211
2618046687.jpg,mosaic_disease,0.9983384609222412
2618467326.jpg,green_mottle,0.8070457577705383
2620141958.jpg,mosaic_disease,0.9740452170372009
2621080584.jpg,healthy,0.913720428943634
2621976990.jpg,mosaic_disease,0.994212806224823
2623834949.jpg,mosaic_disease,0.768482506275177
2624736649.jpg,mosaic_disease,0.9740694165229797
2625055972.jpg,mosaic_disease,0.9913921356201172
26253906.jpg,healthy,0.5652574300765991
2626104728.jpg,mosaic_disease,0.8309351801872253
2626502975.jpg,mosaic_disease,0.8554918169975281
2628143794.jpg,brown_streak_disease,0.5858100056648254
2629155801.jpg,green_mottle,0.9997088313102722
2629547729.jpg,mosaic_disease,0.9823694825172424
2629586169.jpg,mosaic_disease,0.7381517291069031
2631650746.jpg,mosaic_disease,0.9998852014541626
2631757503.jpg,mosaic_disease,0.9915016889572144
2633999116.jpg,mosaic_disease,0.9904552102088928
2635402791.jpg,mosaic_disease,0.9527255296707153
2635668715.jpg,healthy,0.35977083444595337
2636092978.jpg,brown_streak_disease,0.532683789730072
2636836103.jpg,mosaic_disease,0.999850869178772
2637371791.jpg,mosaic_disease,0.8007712960243225
2638836659.jpg,brown_streak_disease,0.7737908959388733
263932822.jpg,mosaic_disease,0.9989160299301147
2640239935.jpg,mosaic_disease,0.9972866773605347
2642232374.jpg,mosaic_disease,0.9998418092727661
2642987699.jpg,mosaic_disease,0.9999632835388184
2643209244.jpg,healthy,0.7277161478996277
2643606706.jpg,mosaic_disease,0.9981958270072937
2645376544.jpg,green_mottle,0.9984638690948486
2646451765.jpg,mosaic_disease,0.9997698664665222
2647003045.jpg,mosaic_disease,0.9997588992118835
2647150813.jpg,mosaic_disease,0.997814416885376
2647952754.jpg,mosaic_disease,0.9885530471801758
2651038691.jpg,healthy,0.67970871925354
2652514070.jpg,mosaic_disease,0.9512462615966797
2653303226.jpg,mosaic_disease,0.9645369648933411
2653650348.jpg,mosaic_disease,0.912006676197052
2653828415.jpg,bacterial_blight,0.9273399710655212
2655340809.jpg,healthy,0.8546088337898254
2655421163.jpg,mosaic_disease,0.9958024621009827
2656330377.jpg,bacterial_blight,0.8777029514312744
2656964450.jpg,mosaic_disease,0.9999303817749023
26592350.jpg,brown_streak_disease,0.998204231262207
2664471376.jpg,mosaic_disease,0.9846014976501465
2664968316.jpg,healthy,0.8654376268386841
2665505446.jpg,mosaic_disease,0.9822315573692322
2666373738.jpg,mosaic_disease,0.9648305177688599
2666462236.jpg,brown_streak_disease,0.8697645664215088
2667091366.jpg,mosaic_disease,0.9998517036437988
2667674667.jpg,brown_streak_disease,0.7794566750526428
2668130631.jpg,mosaic_disease,0.9266170859336853
2670866885.jpg,brown_streak_disease,0.8426336646080017
2670985369.jpg,mosaic_disease,0.8320344686508179
2673511442.jpg,mosaic_disease,0.9947006702423096
2675535837.jpg,mosaic_disease,0.998036801815033
267769333.jpg,mosaic_disease,0.9984958171844482
26805266.jpg,mosaic_disease,0.9904453754425049
2680534189.jpg,mosaic_disease,0.9985224604606628
2680668340.jpg,mosaic_disease,0.9599527716636658
2682408847.jpg,brown_streak_disease,0.56258225440979
2682687426.jpg,mosaic_disease,0.9322509169578552
2682988710.jpg,green_mottle,0.7059176564216614
2683256831.jpg,mosaic_disease,0.9841558933258057
2684430050.jpg,green_mottle,0.8391983509063721
2685143751.jpg,mosaic_disease,0.9996583461761475
2687703797.jpg,mosaic_disease,0.9872488379478455
2687752863.jpg,mosaic_disease,0.995263934135437
2689977524.jpg,mosaic_disease,0.9999287128448486
2690070450.jpg,mosaic_disease,0.9759352207183838
2690891696.jpg,mosaic_disease,0.9529095888137817
2692453687.jpg,mosaic_disease,0.9953930377960205
2693189055.jpg,mosaic_disease,0.9999139308929443
2696688759.jpg,mosaic_disease,0.9941256046295166
2698271190.jpg,healthy,0.6896775960922241
2704528948.jpg,mosaic_disease,0.8322146534919739
27047804.jpg,healthy,0.5405412912368774
270924529.jpg,brown_streak_disease,0.9995201826095581
27094452.jpg,bacterial_blight,0.7236632704734802
2710475925.jpg,bacterial_blight,0.7152124047279358
2715218500.jpg,green_mottle,0.44473588466644287
2715921557.jpg,mosaic_disease,0.9793516397476196
2716413618.jpg,green_mottle,0.8167162537574768
2716489131.jpg,mosaic_disease,0.5858496427536011
2717138442.jpg,bacterial_blight,0.7099791169166565
2721767282.jpg,green_mottle,0.9676231741905212
2722575699.jpg,mosaic_disease,0.989995002746582
2722971247.jpg,mosaic_disease,0.5132580995559692
2723143870.jpg,mosaic_disease,0.9976930022239685
2725135519.jpg,mosaic_disease,0.9997150301933289
272565243.jpg,bacterial_blight,0.949670135974884
2729880246.jpg,mosaic_disease,0.9458142518997192
2731309139.jpg,mosaic_disease,0.9832507967948914
2731692092.jpg,brown_streak_disease,0.43700677156448364
2733805167.jpg,mosaic_disease,0.9999215602874756
2734892772.jpg,mosaic_disease,0.9998774528503418
2735810641.jpg,mosaic_disease,0.9999723434448242
2737290136.jpg,mosaic_disease,0.907564103603363
2740084860.jpg,bacterial_blight,0.618283748626709
2740410159.jpg,brown_streak_disease,0.9310157895088196
2741103314.jpg,mosaic_disease,0.9447398781776428
2741950720.jpg,mosaic_disease,0.996711254119873
2742350070.jpg,mosaic_disease,0.999808132648468
2744104425.jpg,mosaic_disease,0.9411454200744629
2746592170.jpg,healthy,0.4317460060119629
2747268092.jpg,mosaic_disease,0.9999306201934814
274790043.jpg,brown_streak_disease,0.9876514673233032
2748659636.jpg,mosaic_disease,0.9814603328704834
2750125893.jpg,mosaic_disease,0.9981552958488464
275310206.jpg,mosaic_disease,0.9999254941940308
2753146306.jpg,mosaic_disease,0.9952791929244995
2753309511.jpg,brown_streak_disease,0.9889322519302368
2753540167.jpg,mosaic_disease,0.9717018604278564
2753696681.jpg,mosaic_disease,0.9955353736877441
275483010.jpg,green_mottle,0.9999182224273682
2759452874.jpg,mosaic_disease,0.9934216141700745
2759500008.jpg,mosaic_disease,0.9974700212478638
276208116.jpg,mosaic_disease,0.9670763611793518
2763229713.jpg,mosaic_disease,0.9481874704360962
2763974750.jpg,green_mottle,0.9995075464248657
2765544033.jpg,mosaic_disease,0.985027551651001
2766035533.jpg,mosaic_disease,0.9997208714485168
2767496991.jpg,mosaic_disease,0.9999451637268066
2771967726.jpg,mosaic_disease,0.9973098039627075
2771999001.jpg,brown_streak_disease,0.9000805020332336
2772805296.jpg,mosaic_disease,0.9774143695831299
2773015311.jpg,brown_streak_disease,0.4344530403614044
2773097788.jpg,healthy,0.7003948092460632
277345208.jpg,mosaic_disease,0.47943827509880066
2775876940.jpg,mosaic_disease,0.999963641166687
2776340594.jpg,mosaic_disease,0.8899690508842468
2776491890.jpg,mosaic_disease,0.9770413041114807
277811844.jpg,mosaic_disease,0.9884154796600342
2779684221.jpg,mosaic_disease,0.9997069239616394
2781593135.jpg,healthy,0.7496047616004944
2785784013.jpg,healthy,0.8010334372520447
2788672976.jpg,brown_streak_disease,0.999981164932251
2796388722.jpg,mosaic_disease,0.9997767806053162
2796618652.jpg,mosaic_disease,0.9565532207489014
2797119560.jpg,brown_streak_disease,0.9013993740081787
2799970336.jpg,green_mottle,0.8550843000411987
2800998571.jpg,mosaic_disease,0.9994809031486511
280102380.jpg,mosaic_disease,0.9706537127494812
2807412480.jpg,brown_streak_disease,0.9416409134864807
2807877356.jpg,mosaic_disease,0.9948753714561462
2808447158.jpg,mosaic_disease,0.9882217049598694
2809660015.jpg,green_mottle,0.9636919498443604
2813938477.jpg,bacterial_blight,0.933138906955719
2816088621.jpg,brown_streak_disease,0.5775004625320435
2819697442.jpg,mosaic_disease,0.6242451667785645
2819885255.jpg,bacterial_blight,0.6877898573875427
2820350.jpg,brown_streak_disease,0.4825831651687622
282134948.jpg,mosaic_disease,0.9969404935836792
2822765524.jpg,mosaic_disease,0.7954837679862976
2823249481.jpg,mosaic_disease,0.9997404217720032
2830023895.jpg,healthy,0.8822690844535828
2830260577.jpg,mosaic_disease,0.938065230846405
2830372241.jpg,mosaic_disease,0.9999953508377075
2832723542.jpg,healthy,0.6809854507446289
2834151142.jpg,brown_streak_disease,0.870235025882721
2835247353.jpg,mosaic_disease,0.9968576431274414
2836107083.jpg,mosaic_disease,0.3763873875141144
2837350283.jpg,mosaic_disease,0.99709153175354
2837753620.jpg,mosaic_disease,0.6180639266967773
2838277856.jpg,mosaic_disease,0.908074140548706
2839558739.jpg,brown_streak_disease,0.9743185639381409
2840412026.jpg,brown_streak_disease,0.985355794429779
284062479.jpg,mosaic_disease,0.9970254302024841
2843368967.jpg,mosaic_disease,0.9999997615814209
2844800744.jpg,mosaic_disease,0.9999904632568359
2849214868.jpg,green_mottle,0.8972508311271667
2849258788.jpg,brown_streak_disease,0.9999958276748657
2849259424.jpg,brown_streak_disease,0.91665118932724
285161140.jpg,mosaic_disease,0.999024510383606
2853169538.jpg,mosaic_disease,0.9989042282104492
285510600.jpg,healthy,0.49566882848739624
2855318421.jpg,mosaic_disease,0.9242364764213562
2856324401.jpg,mosaic_disease,0.9996090531349182
2857145632.jpg,green_mottle,0.9741190671920776
2858396640.jpg,bacterial_blight,0.839394211769104
2858707596.jpg,mosaic_disease,0.9961748123168945
2858810881.jpg,mosaic_disease,0.9916073083877563
2859411048.jpg,brown_streak_disease,0.9976451992988586
2860693015.jpg,mosaic_disease,0.651927649974823
2862778126.jpg,brown_streak_disease,0.9925402998924255
2864427141.jpg,healthy,0.4507427215576172
2864463942.jpg,mosaic_disease,0.998838484287262
2868204767.jpg,healthy,0.6132134199142456
2871435111.jpg,green_mottle,0.985508382320404
287239456.jpg,mosaic_disease,0.9669117331504822
2872555375.jpg,mosaic_disease,0.9989987015724182
2873516336.jpg,healthy,0.818264901638031
2876258048.jpg,brown_streak_disease,0.9999418258666992
2877279154.jpg,mosaic_disease,0.995818555355072
2877613558.jpg,mosaic_disease,0.4428327977657318
288071387.jpg,green_mottle,0.43422237038612366
2881938296.jpg,mosaic_disease,0.9984573125839233
2882347147.jpg,brown_streak_disease,0.9405944347381592
2883197324.jpg,healthy,0.7943761348724365
2883262414.jpg,green_mottle,0.5214510560035706
2885109951.jpg,mosaic_disease,0.7191416025161743
2885347871.jpg,green_mottle,0.7807543277740479
2887362636.jpg,mosaic_disease,0.9999121427536011
2887524398.jpg,mosaic_disease,0.999550998210907
2888561095.jpg,mosaic_disease,0.9770534634590149
2890968781.jpg,mosaic_disease,0.9955607652664185
2892098824.jpg,mosaic_disease,0.9477892518043518
2892238301.jpg,mosaic_disease,0.9996100068092346
2892512782.jpg,mosaic_disease,0.949150025844574
2896421172.jpg,healthy,0.4428024888038635
2899479239.jpg,mosaic_disease,0.9913941025733948
2899766947.jpg,mosaic_disease,0.9982910752296448
2900358296.jpg,healthy,0.6184250712394714
2900867237.jpg,mosaic_disease,0.9735888242721558
2901223259.jpg,brown_streak_disease,0.502857506275177
2904271426.jpg,mosaic_disease,0.9986351132392883
2907433779.jpg,brown_streak_disease,0.9994986057281494
2908034482.jpg,green_mottle,0.35616540908813477
291053926.jpg,mosaic_disease,0.6808004975318909
291224369.jpg,mosaic_disease,0.9911626577377319
29130164.jpg,mosaic_disease,0.4544965326786041
2913981436.jpg,brown_streak_disease,0.9972510933876038
2915309072.jpg,mosaic_disease,0.9965835213661194
2917202983.jpg,mosaic_disease,0.9722468256950378
2917486619.jpg,mosaic_disease,0.996353268623352
2919728827.jpg,mosaic_disease,0.9971809387207031
292179088.jpg,mosaic_disease,0.9977573752403259
2922966449.jpg,brown_streak_disease,0.9960965514183044
292549170.jpg,mosaic_disease,0.9620484113693237
2925813866.jpg,mosaic_disease,0.8002387285232544
292613354.jpg,mosaic_disease,0.9847144484519958
2926455089.jpg,green_mottle,0.4799264669418335
2927204876.jpg,mosaic_disease,0.9997881054878235
2927616574.jpg,mosaic_disease,0.9973690509796143
2927894622.jpg,healthy,0.8853873014450073
2928220238.jpg,brown_streak_disease,0.9451952576637268
292918886.jpg,mosaic_disease,0.7180206775665283
2929693289.jpg,green_mottle,0.735150933265686
2932008073.jpg,brown_streak_disease,0.9801703095436096
2932210794.jpg,healthy,0.9088097810745239
2933422175.jpg,brown_streak_disease,0.6623139977455139
2933959901.jpg,mosaic_disease,0.5189610719680786
2934640241.jpg,healthy,0.647005021572113
2935393677.jpg,mosaic_disease,0.9982660412788391
2935458232.jpg,mosaic_disease,0.9997321963310242
293696347.jpg,mosaic_disease,0.7135777473449707
2937341797.jpg,mosaic_disease,0.9993522763252258
2937855140.jpg,mosaic_disease,0.9988369345664978
2938132389.jpg,mosaic_disease,0.954439103603363
2940268858.jpg,mosaic_disease,0.9995388984680176
2941008818.jpg,mosaic_disease,0.8927322626113892
2944161091.jpg,bacterial_blight,0.883621335029602
2944944834.jpg,brown_streak_disease,0.9997594952583313
2945240485.jpg,mosaic_disease,0.9978631138801575
2945652044.jpg,bacterial_blight,0.8760886788368225
294665447.jpg,brown_streak_disease,0.9999533891677856
2947092934.jpg,brown_streak_disease,0.9991772770881653
2948657860.jpg,mosaic_disease,0.9999690055847168
2949633440.jpg,mosaic_disease,0.9762376546859741
2951492916.jpg,mosaic_disease,0.9999264478683472
2953084607.jpg,mosaic_disease,0.9675868153572083
2953110907.jpg,bacterial_blight,0.6347560286521912
2953610226.jpg,brown_streak_disease,0.8204901218414307
29559503.jpg,brown_streak_disease,0.5042937397956848
2956260533.jpg,mosaic_disease,0.9722322821617126
2962787135.jpg,mosaic_disease,0.9993417859077454
296398112.jpg,mosaic_disease,0.9885329008102417
2963992866.jpg,mosaic_disease,0.9995179176330566
2964319583.jpg,mosaic_disease,0.998054027557373
2967206024.jpg,green_mottle,0.9093925356864929
2967863031.jpg,mosaic_disease,0.9979167580604553
2969200705.jpg,bacterial_blight,0.5158825516700745
2970264073.jpg,healthy,0.869791567325592
2977542209.jpg,mosaic_disease,0.872057318687439
2979725349.jpg,mosaic_disease,0.999983549118042
298056095.jpg,bacterial_blight,0.7007951140403748
2980893698.jpg,brown_streak_disease,0.8876792788505554
298252775.jpg,brown_streak_disease,0.9568400382995605
2983830211.jpg,mosaic_disease,0.9998435974121094
2983898856.jpg,mosaic_disease,0.9983048439025879
298424266.jpg,mosaic_disease,0.9990519881248474
2985263971.jpg,mosaic_disease,0.9976578950881958
2989060888.jpg,bacterial_blight,0.3979584574699402
2989643303.jpg,bacterial_blight,0.502496600151062
299296810.jpg,mosaic_disease,0.9984719157218933
2993551637.jpg,mosaic_disease,0.9258909225463867
2993583525.jpg,bacterial_blight,0.41169166564941406
2995416901.jpg,healthy,0.8526954650878906
2995689898.jpg,mosaic_disease,0.6142915487289429
2997262447.jpg,mosaic_disease,0.999739944934845
2997295640.jpg,mosaic_disease,0.9947835803031921
2997743551.jpg,healthy,0.6459096074104309
3000893004.jpg,mosaic_disease,0.9839800596237183
3001382345.jpg,brown_streak_disease,0.9870432019233704
300185548.jpg,mosaic_disease,0.9997416138648987
3005355471.jpg,mosaic_disease,0.9294758439064026
3006499770.jpg,brown_streak_disease,0.999085545539856
3008069732.jpg,mosaic_disease,0.9988718628883362
3009647475.jpg,brown_streak_disease,0.998035728931427
3013885002.jpg,mosaic_disease,0.9931356906890869
3014758416.jpg,mosaic_disease,0.9999796152114868
3014951191.jpg,mosaic_disease,0.9951931238174438
3017169420.jpg,mosaic_disease,0.5663071274757385
3017918878.jpg,mosaic_disease,0.6227831244468689
3018222933.jpg,mosaic_disease,0.9946657419204712
3019986672.jpg,mosaic_disease,0.9986312985420227
3020362387.jpg,brown_streak_disease,0.9916900396347046
3020460837.jpg,brown_streak_disease,0.6574224233627319
302050048.jpg,mosaic_disease,0.9849658012390137
302115319.jpg,healthy,0.62015300989151
30215524.jpg,mosaic_disease,0.9984342455863953
3022329873.jpg,green_mottle,0.761269748210907
3022337655.jpg,mosaic_disease,0.9966379404067993
3024619952.jpg,mosaic_disease,0.9999020099639893
3025763927.jpg,mosaic_disease,0.9962510466575623
3026311558.jpg,mosaic_disease,0.9776096343994141
3027608054.jpg,healthy,0.49683600664138794
3028978294.jpg,mosaic_disease,0.9998589754104614
303153815.jpg,brown_streak_disease,0.9996334314346313
3033387062.jpg,mosaic_disease,0.9992332458496094
3034143541.jpg,mosaic_disease,0.9981947541236877
3034455648.jpg,mosaic_disease,0.9997060894966125
3038956872.jpg,brown_streak_disease,0.9987475872039795
3039675754.jpg,healthy,0.5406882166862488
3040337109.jpg,bacterial_blight,0.6699020266532898
3043097813.jpg,brown_streak_disease,0.9941943287849426
3044190781.jpg,brown_streak_disease,0.4236384928226471
3044677012.jpg,healthy,0.4604969024658203
3049440979.jpg,mosaic_disease,0.9615147113800049
3050144007.jpg,mosaic_disease,0.9921507835388184
3051263035.jpg,bacterial_blight,0.47943440079689026
3053608144.jpg,mosaic_disease,0.9958041310310364
3055297068.jpg,mosaic_disease,0.9995195865631104
3055614106.jpg,brown_streak_disease,0.6203528046607971
3058026608.jpg,mosaic_disease,0.998760461807251
306210288.jpg,mosaic_disease,0.9932494163513184
3063643344.jpg,green_mottle,0.4267265796661377
3063789590.jpg,brown_streak_disease,0.5896939635276794
3064281169.jpg,mosaic_disease,0.9604235291481018
3066303912.jpg,mosaic_disease,0.9940020442008972
307116841.jpg,healthy,0.6927131414413452
307220066.jpg,mosaic_disease,0.5979251861572266
3072539565.jpg,mosaic_disease,0.9997960925102234
3072970337.jpg,mosaic_disease,0.9753585457801819
3073993044.jpg,green_mottle,0.8824803233146667
3075634197.jpg,green_mottle,0.9999943971633911
3076104681.jpg,mosaic_disease,0.9988729357719421
3077983648.jpg,mosaic_disease,0.9574635028839111
3080481359.jpg,mosaic_disease,0.9926171898841858
3080597260.jpg,mosaic_disease,0.6167921423912048
3081150280.jpg,mosaic_disease,0.892704427242279
3082130053.jpg,healthy,0.4620967507362366
3082518263.jpg,mosaic_disease,0.9853132367134094
30831420.jpg,brown_streak_disease,0.7151595950126648
3083765507.jpg,mosaic_disease,0.9994860887527466
3085864631.jpg,mosaic_disease,0.9989914298057556
3088621387.jpg,mosaic_disease,0.9994838237762451
3090978952.jpg,green_mottle,0.8769111037254333
3092394868.jpg,mosaic_disease,0.9753674864768982
3093539218.jpg,mosaic_disease,0.9723849296569824
3095245950.jpg,mosaic_disease,0.8951768279075623
309770787.jpg,mosaic_disease,0.998880922794342
3099115140.jpg,mosaic_disease,0.9879580140113831
3099476363.jpg,mosaic_disease,0.9978840947151184
3100860826.jpg,mosaic_disease,0.992267906665802
3101645005.jpg,mosaic_disease,0.9975882768630981
3101989579.jpg,mosaic_disease,0.9979345798492432
3103401623.jpg,mosaic_disease,0.9998939037322998
3104048634.jpg,mosaic_disease,0.999077558517456
3104971785.jpg,mosaic_disease,0.8146575689315796
3106354141.jpg,green_mottle,0.9998829364776611
3107856880.jpg,bacterial_blight,0.45128652453422546
3109752948.jpg,mosaic_disease,0.9886536002159119
3110425055.jpg,mosaic_disease,0.9774038791656494
3110572972.jpg,mosaic_disease,0.8091848492622375
3112183451.jpg,mosaic_disease,0.9970470070838928
3113752030.jpg,mosaic_disease,0.9713687300682068
3113843091.jpg,healthy,0.7348359823226929
3114646654.jpg,mosaic_disease,0.9627588987350464
3116602626.jpg,healthy,0.9473130702972412
3118120871.jpg,mosaic_disease,0.9989668130874634
3118623824.jpg,mosaic_disease,0.3998379111289978
3119298404.jpg,mosaic_disease,0.9980668425559998
3125050696.jpg,mosaic_disease,0.9722450375556946
3128703922.jpg,mosaic_disease,0.7257612347602844
3128965245.jpg,green_mottle,0.997744083404541
3129393327.jpg,brown_streak_disease,0.9870277643203735
3133224785.jpg,mosaic_disease,0.9932001233100891
3133376122.jpg,mosaic_disease,0.9966378211975098
3136225085.jpg,mosaic_disease,0.7616820931434631
3141772785.jpg,mosaic_disease,0.7531200647354126
3142222157.jpg,brown_streak_disease,0.998302698135376
3142477676.jpg,healthy,0.8627681136131287
3144413913.jpg,mosaic_disease,0.9900369644165039
314640668.jpg,brown_streak_disease,0.9991080164909363
3149092029.jpg,brown_streak_disease,0.9839714765548706
3151081789.jpg,mosaic_disease,0.8905163407325745
3151692315.jpg,brown_streak_disease,0.5759152173995972
3151955638.jpg,green_mottle,0.9833299517631531
3152144684.jpg,mosaic_disease,0.9963061809539795
3152356017.jpg,mosaic_disease,0.9982940554618835
3153002047.jpg,mosaic_disease,0.972605288028717
3153576807.jpg,mosaic_disease,0.9997491240501404
3153719704.jpg,mosaic_disease,0.9943231344223022
3154183706.jpg,mosaic_disease,0.9827296733856201
3156249894.jpg,mosaic_disease,0.7879804372787476
3158939285.jpg,mosaic_disease,0.9997956156730652
3159607599.jpg,mosaic_disease,0.9843682646751404
3160964625.jpg,green_mottle,0.9894919395446777
3162418489.jpg,brown_streak_disease,0.42193618416786194
3163179482.jpg,mosaic_disease,0.41713955998420715
3164836946.jpg,brown_streak_disease,0.931806206703186
3165951820.jpg,mosaic_disease,0.999402642250061
3167189291.jpg,brown_streak_disease,0.9412625432014465
3168618201.jpg,mosaic_disease,0.978770911693573
3169537605.jpg,mosaic_disease,0.999868631362915
316988889.jpg,healthy,0.935419499874115
3170246612.jpg,mosaic_disease,0.845173716545105
3171186747.jpg,mosaic_disease,0.9959520101547241
3171283572.jpg,healthy,0.7955950498580933
3171471094.jpg,brown_streak_disease,0.8131328821182251
3174117407.jpg,green_mottle,0.9411647319793701
3175825671.jpg,mosaic_disease,0.9205095171928406
3176028684.jpg,mosaic_disease,0.9569699168205261
3176098048.jpg,mosaic_disease,0.9998985528945923
3178152218.jpg,mosaic_disease,0.9991377592086792
3178427125.jpg,brown_streak_disease,0.5935046672821045
3180664408.jpg,mosaic_disease,0.9959496259689331
3181600056.jpg,green_mottle,0.7035649418830872
3183645575.jpg,brown_streak_disease,0.9980294108390808
3184864595.jpg,mosaic_disease,0.9449558854103088
3186714136.jpg,bacterial_blight,0.8717700242996216
3187086613.jpg,mosaic_disease,0.9270148873329163
3187229916.jpg,mosaic_disease,0.6372917890548706
3187532677.jpg,mosaic_disease,0.995689332485199
3188097509.jpg,green_mottle,0.8103482723236084
3191507930.jpg,mosaic_disease,0.998420238494873
3192745866.jpg,mosaic_disease,0.9998481273651123
3192892221.jpg,mosaic_disease,0.9990330934524536
3192927904.jpg,green_mottle,0.9943888783454895
3192966266.jpg,mosaic_disease,0.9862254858016968
3195057988.jpg,bacterial_blight,0.4154069423675537
3195265053.jpg,green_mottle,0.7305849194526672
3196839385.jpg,brown_streak_disease,0.4909457266330719
3197241029.jpg,mosaic_disease,0.9998295307159424
319927039.jpg,bacterial_blight,0.9297187924385071
3199643560.jpg,brown_streak_disease,0.8558357954025269
3208046657.jpg,mosaic_disease,0.9989633560180664
3208851813.jpg,mosaic_disease,0.9999387264251709
3211354842.jpg,mosaic_disease,0.9974493384361267
3211443011.jpg,brown_streak_disease,0.7945953011512756
3211907814.jpg,healthy,0.6349436044692993
3212523761.jpg,mosaic_disease,0.9648535847663879
3213974381.jpg,mosaic_disease,0.9997342228889465
3216015057.jpg,mosaic_disease,0.9993646740913391
3218166132.jpg,mosaic_disease,0.6840799450874329
3218913875.jpg,mosaic_disease,0.977053165435791
3219439906.jpg,bacterial_blight,0.37237370014190674
3221582204.jpg,mosaic_disease,0.9743180871009827
3223104982.jpg,brown_streak_disease,0.9993019104003906
3223647607.jpg,mosaic_disease,0.7883459329605103
3224993306.jpg,mosaic_disease,0.9898958206176758
3225863041.jpg,mosaic_disease,0.9940986633300781
3226707943.jpg,mosaic_disease,0.9998999834060669
3227667303.jpg,green_mottle,0.6222827434539795
3228187345.jpg,green_mottle,0.9173848032951355
3228683879.jpg,brown_streak_disease,0.7471126317977905
3229676096.jpg,mosaic_disease,0.9033353924751282
3230113512.jpg,mosaic_disease,0.6883752942085266
3231064987.jpg,mosaic_disease,0.998600423336029
3234915269.jpg,bacterial_blight,0.9307409524917603
3237097482.jpg,mosaic_disease,0.9959791898727417
3237441683.jpg,mosaic_disease,0.9919666051864624
3238638493.jpg,brown_streak_disease,0.45852476358413696
3238704279.jpg,mosaic_disease,0.9996135830879211
3239491345.jpg,mosaic_disease,0.984836995601654
3239751469.jpg,mosaic_disease,0.998903751373291
324027470.jpg,mosaic_disease,0.6458155512809753
3240436783.jpg,bacterial_blight,0.5635309815406799
3240471476.jpg,healthy,0.8260570764541626
3240696459.jpg,mosaic_disease,0.9946963787078857
3242129784.jpg,mosaic_disease,0.9998795986175537
3243392252.jpg,healthy,0.3857237696647644
3244391551.jpg,mosaic_disease,0.9940880537033081
3244462441.jpg,mosaic_disease,0.9104014039039612
3245080798.jpg,green_mottle,0.7556661367416382
3245552311.jpg,brown_streak_disease,0.930121660232544
3246462405.jpg,mosaic_disease,0.9990307092666626
3247553763.jpg,healthy,0.6341218948364258
3247597074.jpg,green_mottle,0.9991464614868164
3247645012.jpg,brown_streak_disease,0.4416317939758301
3250010085.jpg,healthy,0.5911580324172974
3250253495.jpg,mosaic_disease,0.9866176247596741
3251222806.jpg,healthy,0.741338849067688
3251863915.jpg,mosaic_disease,0.9999279975891113
3253672185.jpg,mosaic_disease,0.999103844165802
3255013873.jpg,brown_streak_disease,0.999871015548706
3255212212.jpg,mosaic_disease,0.9997186064720154
3256294649.jpg,mosaic_disease,0.9957166314125061
3257324402.jpg,mosaic_disease,0.9685710668563843
3257812988.jpg,mosaic_disease,0.9274483323097229
3257832958.jpg,mosaic_disease,0.9978378415107727
3258706928.jpg,healthy,0.37101805210113525
3258755653.jpg,mosaic_disease,0.9515429735183716
3259441892.jpg,mosaic_disease,0.9982878565788269
3259817213.jpg,healthy,0.8487902879714966
3260026666.jpg,mosaic_disease,0.9801571369171143
3260589642.jpg,brown_streak_disease,0.8832276463508606
3260907115.jpg,mosaic_disease,0.9289952516555786
3261671867.jpg,brown_streak_disease,0.7772251963615417
3261726496.jpg,mosaic_disease,0.9997757077217102
3266655570.jpg,bacterial_blight,0.5936110615730286
3267005916.jpg,mosaic_disease,0.9963304400444031
3267041557.jpg,brown_streak_disease,0.9983561635017395
3267434230.jpg,green_mottle,0.9085246324539185
3267685049.jpg,green_mottle,0.6023072004318237
3268898958.jpg,green_mottle,0.9440063834190369
3269415052.jpg,mosaic_disease,0.981788694858551
3269539876.jpg,brown_streak_disease,0.9974368810653687
3271089723.jpg,green_mottle,0.9999027252197266
3271797853.jpg,brown_streak_disease,0.6330828070640564
3276323574.jpg,brown_streak_disease,0.5408236980438232
3276579390.jpg,green_mottle,0.9994587302207947
3277846362.jpg,green_mottle,0.5187601447105408
3278774878.jpg,mosaic_disease,0.9982374906539917
3279234620.jpg,healthy,0.7618178129196167
3283270801.jpg,healthy,0.9075839519500732
328383026.jpg,mosaic_disease,0.9955794215202332
3283953318.jpg,mosaic_disease,0.9999743700027466
3289230042.jpg,mosaic_disease,0.9961906671524048
3289998998.jpg,mosaic_disease,0.9677113890647888
3291696815.jpg,healthy,0.8129661083221436
3292800291.jpg,mosaic_disease,0.4308837652206421
3293029468.jpg,mosaic_disease,0.9982967972755432
3293593485.jpg,bacterial_blight,0.9217405915260315
3294105738.jpg,mosaic_disease,0.9999926090240479
329471118.jpg,brown_streak_disease,0.7710340023040771
3294864038.jpg,healthy,0.5935139656066895
3295243647.jpg,healthy,0.48224419355392456
3296590724.jpg,mosaic_disease,0.5971038937568665
3299026258.jpg,mosaic_disease,0.9699242115020752
329996274.jpg,healthy,0.5023192167282104
3300470808.jpg,healthy,0.8732647895812988
3300973155.jpg,mosaic_disease,0.9997785687446594
3301808128.jpg,mosaic_disease,0.9974952936172485
3303165486.jpg,mosaic_disease,0.9390400052070618
3304481536.jpg,mosaic_disease,0.9946333169937134
3305232077.jpg,brown_streak_disease,0.9986199140548706
3306053383.jpg,mosaic_disease,0.9998778104782104
3307190669.jpg,mosaic_disease,0.9856688976287842
3307432740.jpg,brown_streak_disease,0.8299404978752136
3309495553.jpg,mosaic_disease,0.992882251739502
3311389928.jpg,green_mottle,0.8087953925132751
3312370190.jpg,mosaic_disease,0.9963245987892151
3313811273.jpg,green_mottle,0.7799482941627502
3314217997.jpg,mosaic_disease,0.877752423286438
3316115656.jpg,mosaic_disease,0.9967844486236572
3318291016.jpg,mosaic_disease,0.9993886947631836
3318782289.jpg,brown_streak_disease,0.8629428744316101
3319344936.jpg,mosaic_disease,0.997700035572052
3327243247.jpg,mosaic_disease,0.5816137194633484
3330498442.jpg,green_mottle,0.8898343443870544
3333295936.jpg,mosaic_disease,0.9998138546943665
33354579.jpg,brown_streak_disease,0.9999992847442627
3336158925.jpg,mosaic_disease,0.9924731254577637
3338201201.jpg,mosaic_disease,0.9999237060546875
3338591847.jpg,mosaic_disease,0.9044542908668518
3341713020.jpg,green_mottle,0.9995003938674927
3343661138.jpg,green_mottle,0.6784782409667969
3343975940.jpg,healthy,0.5217311978340149
3345325515.jpg,mosaic_disease,0.9267152547836304
3345498406.jpg,mosaic_disease,0.9998879432678223
3345615928.jpg,healthy,0.4631044864654541
3347247220.jpg,green_mottle,0.9715089797973633
3347371792.jpg,mosaic_disease,0.9988632202148438
334748709.jpg,mosaic_disease,0.9877701997756958
334971941.jpg,mosaic_disease,0.9968206882476807
3350533771.jpg,healthy,0.7081628441810608
3354273498.jpg,mosaic_disease,0.9886447191238403
3356619304.jpg,mosaic_disease,0.9990905523300171
335771441.jpg,healthy,0.5637364387512207
3358566810.jpg,brown_streak_disease,0.9999728202819824
3358660933.jpg,mosaic_disease,0.9934008717536926
336066168.jpg,mosaic_disease,0.999953031539917
3361062779.jpg,mosaic_disease,0.7490885853767395
3361317754.jpg,bacterial_blight,0.7481688857078552
3362401438.jpg,mosaic_disease,0.9998831748962402
336319648.jpg,healthy,0.3416396379470825
336414125.jpg,mosaic_disease,0.9727492332458496
3365043679.jpg,mosaic_disease,0.9956974983215332
3365094524.jpg,mosaic_disease,0.9997747540473938
336544470.jpg,mosaic_disease,0.9383995532989502
3365603380.jpg,mosaic_disease,0.9987419247627258
3366388775.jpg,brown_streak_disease,0.5507285594940186
3367580056.jpg,mosaic_disease,0.9841771125793457
3368457880.jpg,green_mottle,0.8607804179191589
3368595399.jpg,bacterial_blight,0.7462506890296936
3368939733.jpg,mosaic_disease,0.9987754225730896
3369247230.jpg,mosaic_disease,0.9853620529174805
3370579462.jpg,green_mottle,0.9999179840087891
3371952476.jpg,mosaic_disease,0.9770697355270386
3375224217.jpg,mosaic_disease,0.8637352585792542
3376270553.jpg,mosaic_disease,0.9998675584793091
3376905285.jpg,mosaic_disease,0.6499621868133545
3381014274.jpg,mosaic_disease,0.9920088052749634
3384095978.jpg,mosaic_disease,0.4412894546985626
3384250377.jpg,mosaic_disease,0.9991891980171204
3385811418.jpg,healthy,0.5904585719108582
3386258598.jpg,mosaic_disease,0.8669518828392029
3386572570.jpg,healthy,0.6149654984474182
3386959846.jpg,mosaic_disease,0.9673182368278503
338729354.jpg,brown_streak_disease,0.586201548576355
3387497035.jpg,mosaic_disease,0.43946516513824463
3388237026.jpg,healthy,0.9163289666175842
338838513.jpg,mosaic_disease,0.9980065226554871
3390516449.jpg,green_mottle,0.9685492515563965
3391958379.jpg,brown_streak_disease,0.9999608993530273
3392953344.jpg,mosaic_disease,0.9980401396751404
3393956189.jpg,healthy,0.5842742323875427
3394985928.jpg,bacterial_blight,0.46437203884124756
3395212339.jpg,mosaic_disease,0.371059775352478
3395914437.jpg,mosaic_disease,0.9084439873695374
3396595680.jpg,mosaic_disease,0.7708950042724609
3397650599.jpg,brown_streak_disease,0.9970933198928833
3400236325.jpg,mosaic_disease,0.9132508635520935
3400761486.jpg,mosaic_disease,0.9993497729301453
3401150171.jpg,mosaic_disease,0.4332220256328583
3401409874.jpg,green_mottle,0.9994626641273499
3401928000.jpg,brown_streak_disease,0.9996626377105713
3402470233.jpg,mosaic_disease,0.997825026512146
3403529762.jpg,green_mottle,0.8781026005744934
3403536238.jpg,green_mottle,0.9652143120765686
3410668826.jpg,healthy,0.9489704966545105
3412345556.jpg,mosaic_disease,0.9954440593719482
3412651605.jpg,mosaic_disease,0.9873786568641663
3412879833.jpg,mosaic_disease,0.9640033841133118
3413647138.jpg,mosaic_disease,0.9658113718032837
3415144054.jpg,mosaic_disease,0.9522948265075684
3419507688.jpg,mosaic_disease,0.9805198311805725
3426035333.jpg,brown_streak_disease,0.6357126832008362
3426576546.jpg,green_mottle,0.6906952857971191
3427279599.jpg,brown_streak_disease,0.9964529275894165
3427476782.jpg,brown_streak_disease,0.9125104546546936
3427992979.jpg,mosaic_disease,0.5137462615966797
3432358469.jpg,mosaic_disease,0.9509674906730652
3433962885.jpg,mosaic_disease,0.9982408285140991
3435254116.jpg,mosaic_disease,0.9859752058982849
3438550828.jpg,mosaic_disease,0.4192827641963959
3440654667.jpg,mosaic_disease,0.9977255463600159
344288315.jpg,green_mottle,0.7827986478805542
3444347549.jpg,mosaic_disease,0.9949660897254944
344993238.jpg,brown_streak_disease,0.3539718985557556
3451141305.jpg,healthy,0.47190186381340027
3451817748.jpg,bacterial_blight,0.5519260764122009
3452699248.jpg,mosaic_disease,0.921653687953949
3452736649.jpg,green_mottle,0.7655085921287537
3453138674.jpg,mosaic_disease,0.999982476234436
3453324178.jpg,mosaic_disease,0.8007871508598328
345359010.jpg,bacterial_blight,0.7229710221290588
3453811343.jpg,mosaic_disease,0.9685505032539368
3454772304.jpg,healthy,0.4444919228553772
3457037921.jpg,mosaic_disease,0.9562060236930847
3457349388.jpg,green_mottle,0.6513711214065552
3457432982.jpg,bacterial_blight,0.7416337728500366
3457494065.jpg,green_mottle,0.954052209854126
3460883505.jpg,green_mottle,0.7456948757171631
3461250443.jpg,mosaic_disease,0.9706751704216003
3461945356.jpg,mosaic_disease,0.9927918910980225
3462467027.jpg,mosaic_disease,0.9997323155403137
346537461.jpg,mosaic_disease,0.9994452595710754
3465867956.jpg,brown_streak_disease,0.9774201512336731
3467403043.jpg,green_mottle,0.5832252502441406
3468150881.jpg,mosaic_disease,0.5249460935592651
3468269081.jpg,mosaic_disease,0.9953774213790894
3468802020.jpg,mosaic_disease,0.9987154006958008
3470374968.jpg,bacterial_blight,0.39142152667045593
3470984818.jpg,mosaic_disease,0.9598419666290283
3471618012.jpg,green_mottle,0.6329825520515442
3474078431.jpg,mosaic_disease,0.954105794429779
3475478548.jpg,mosaic_disease,0.9876093864440918
3475815024.jpg,mosaic_disease,0.8193216323852539
3477094015.jpg,brown_streak_disease,0.9462835788726807
3480744448.jpg,mosaic_disease,0.919743001461029
3481424043.jpg,mosaic_disease,0.9704885482788086
3481763546.jpg,mosaic_disease,0.9541882872581482
3483344406.jpg,bacterial_blight,0.44754496216773987
3485831468.jpg,green_mottle,0.5480286478996277
3485931790.jpg,mosaic_disease,0.7413150668144226
3485950795.jpg,bacterial_blight,0.7655085921287537
3486341851.jpg,brown_streak_disease,0.9992623925209045
3491804538.jpg,mosaic_disease,0.999594509601593
3491811228.jpg,mosaic_disease,0.950267493724823
3492114933.jpg,green_mottle,0.4963563084602356
3492280117.jpg,healthy,0.4636194109916687
3494510902.jpg,mosaic_disease,0.9953953623771667
349583210.jpg,healthy,0.9586597084999084
3499032065.jpg,mosaic_disease,0.9961525797843933
3502946321.jpg,brown_streak_disease,0.6163100004196167
3503733848.jpg,mosaic_disease,0.9708412289619446
350584113.jpg,healthy,0.8621855974197388
3506109237.jpg,mosaic_disease,0.9997683167457581
3506364620.jpg,brown_streak_disease,0.9870682954788208
3506387687.jpg,mosaic_disease,0.8641020059585571
3508055707.jpg,brown_streak_disease,0.9953472018241882
3509493147.jpg,brown_streak_disease,0.9896396398544312
3511420562.jpg,mosaic_disease,0.9930317401885986
351189555.jpg,mosaic_disease,0.929592490196228
3513031039.jpg,mosaic_disease,0.9981364011764526
3513809597.jpg,mosaic_disease,0.9908451437950134
3514103579.jpg,mosaic_disease,0.9993937015533447
3515249327.jpg,mosaic_disease,0.9982777833938599
3516111318.jpg,mosaic_disease,0.9996050000190735
3516413675.jpg,bacterial_blight,0.6479400992393494
3518898572.jpg,mosaic_disease,0.5760307312011719
3518916516.jpg,mosaic_disease,0.9999620914459229
3519335178.jpg,mosaic_disease,0.999151349067688
3521908689.jpg,mosaic_disease,0.9996815919876099
3523309825.jpg,green_mottle,0.9764007925987244
3523883527.jpg,mosaic_disease,0.9996799230575562
3524416743.jpg,mosaic_disease,0.999934196472168
3525137356.jpg,mosaic_disease,0.9988479614257812
352708690.jpg,mosaic_disease,0.9894810914993286
3527165610.jpg,brown_streak_disease,0.8692364692687988
3527770435.jpg,mosaic_disease,0.7336249351501465
3529087945.jpg,healthy,0.9687767624855042
3530097754.jpg,brown_streak_disease,0.9999665021896362
3533090711.jpg,mosaic_disease,0.938021719455719
3535078664.jpg,brown_streak_disease,0.5896799564361572
3535670903.jpg,mosaic_disease,0.9585649371147156
3538224667.jpg,mosaic_disease,0.9855294823646545
3540803278.jpg,bacterial_blight,0.8437728881835938
3542276259.jpg,mosaic_disease,0.9566402435302734
3542289007.jpg,brown_streak_disease,0.49878671765327454
3542602589.jpg,mosaic_disease,0.9997140765190125
3542768898.jpg,mosaic_disease,0.9925111532211304
3543872440.jpg,mosaic_disease,0.9905241131782532
3544289270.jpg,mosaic_disease,0.9084111452102661
3546777867.jpg,green_mottle,0.9917643666267395
3547149808.jpg,mosaic_disease,0.9976673722267151
3548679387.jpg,mosaic_disease,0.9306895136833191
3552533630.jpg,mosaic_disease,0.816301703453064
3553878956.jpg,green_mottle,0.47396764159202576
355442728.jpg,mosaic_disease,0.640225350856781
3554706720.jpg,brown_streak_disease,0.7939133644104004
3554938501.jpg,green_mottle,0.42648932337760925
3555472303.jpg,mosaic_disease,0.99905925989151
3556554979.jpg,green_mottle,0.5474716424942017
3558474952.jpg,mosaic_disease,0.9992764592170715
3559842969.jpg,healthy,0.48174524307250977
3559981218.jpg,mosaic_disease,0.9701396226882935
3561890099.jpg,mosaic_disease,0.5887512564659119
3562291336.jpg,healthy,0.8398904800415039
3563392216.jpg,bacterial_blight,0.7836434841156006
356379628.jpg,green_mottle,0.9901441335678101
3564085262.jpg,mosaic_disease,0.9987963438034058
3565140358.jpg,mosaic_disease,0.8700902462005615
3570121717.jpg,mosaic_disease,0.9775987863540649
3570937947.jpg,mosaic_disease,0.620576024055481
3571158038.jpg,green_mottle,0.8004709482192993
3574308503.jpg,healthy,0.635153591632843
3575454686.jpg,healthy,0.5915238261222839
3575673908.jpg,healthy,0.846807062625885
357823942.jpg,mosaic_disease,0.9996994733810425
3578241644.jpg,mosaic_disease,0.9358195662498474
3578719931.jpg,bacterial_blight,0.6819815635681152
3578870027.jpg,mosaic_disease,0.9848966598510742
3579477391.jpg,mosaic_disease,0.9998949766159058
3583970190.jpg,brown_streak_disease,0.9999732971191406
3585984436.jpg,bacterial_blight,0.5857093930244446
3586284239.jpg,mosaic_disease,0.9970695972442627
3587386761.jpg,green_mottle,0.6145296692848206
3588105586.jpg,mosaic_disease,0.9999403953552246
3588363246.jpg,healthy,0.7840304374694824
3591344011.jpg,mosaic_disease,0.9721742868423462
3593281807.jpg,mosaic_disease,0.7181223630905151
3594347232.jpg,healthy,0.6545765399932861
3594707809.jpg,mosaic_disease,0.9878410696983337
3597180880.jpg,mosaic_disease,0.9595639705657959
3597631740.jpg,mosaic_disease,0.9998620748519897
3597887012.jpg,mosaic_disease,0.9727803468704224
3598862913.jpg,mosaic_disease,0.9230019450187683
3600939032.jpg,brown_streak_disease,0.6258310675621033
3601095535.jpg,mosaic_disease,0.9231864213943481
3602570969.jpg,mosaic_disease,0.9999078512191772
3602819316.jpg,mosaic_disease,0.9927489161491394
3606660804.jpg,mosaic_disease,0.9991986155509949
360723691.jpg,mosaic_disease,0.9925917387008667
3608578044.jpg,mosaic_disease,0.9999581575393677
3609442058.jpg,mosaic_disease,0.9998593330383301
3610667873.jpg,mosaic_disease,0.9965553283691406
3611460254.jpg,healthy,0.570442259311676
3611848629.jpg,healthy,0.3234761357307434
3613374145.jpg,mosaic_disease,0.4647316634654999
3614486203.jpg,mosaic_disease,0.5542222261428833
3615279906.jpg,mosaic_disease,0.9987034797668457
3616773582.jpg,green_mottle,0.9852207899093628
361789228.jpg,mosaic_disease,0.807668149471283
3619611335.jpg,healthy,0.8310585021972656
3620010252.jpg,healthy,0.8178067803382874
3620445770.jpg,mosaic_disease,0.9996200799942017
362190021.jpg,mosaic_disease,0.9957289099693298
3624802208.jpg,mosaic_disease,0.9976367950439453
3625017880.jpg,mosaic_disease,0.5329998731613159
3626179883.jpg,mosaic_disease,0.9945545196533203
3626187971.jpg,green_mottle,0.6469512581825256
3630015138.jpg,bacterial_blight,0.9808082580566406
3630227153.jpg,mosaic_disease,0.9661509990692139
3630255820.jpg,mosaic_disease,0.9964920878410339
3633380986.jpg,mosaic_disease,0.8856748938560486
3634180437.jpg,healthy,0.8313536047935486
3634822711.jpg,mosaic_disease,0.8509633541107178
3635783291.jpg,mosaic_disease,0.9717112183570862
3637527280.jpg,bacterial_blight,0.6249862313270569
3643480526.jpg,bacterial_blight,0.4507250487804413
3643755636.jpg,mosaic_disease,0.999491810798645
364424510.jpg,mosaic_disease,0.8925769925117493
3644380116.jpg,mosaic_disease,0.9995657801628113
3645775098.jpg,healthy,0.48364657163619995
3645813895.jpg,mosaic_disease,0.9954544305801392
3646738568.jpg,green_mottle,0.8687390089035034
3646752638.jpg,mosaic_disease,0.997907280921936
3647124621.jpg,green_mottle,0.9284634590148926
365063197.jpg,mosaic_disease,0.9708191156387329
3655257116.jpg,green_mottle,0.41909751296043396
3655347834.jpg,mosaic_disease,0.9954155683517456
3655511142.jpg,green_mottle,0.9900407195091248
3655868207.jpg,mosaic_disease,0.5263009071350098
3656044201.jpg,mosaic_disease,0.9995655417442322
3656310012.jpg,mosaic_disease,0.9976152181625366
3656998236.jpg,brown_streak_disease,0.4934729039669037
3660194933.jpg,mosaic_disease,0.999645471572876
3660495903.jpg,mosaic_disease,0.9795727133750916
3660503479.jpg,mosaic_disease,0.9252607226371765
3662018109.jpg,healthy,0.8599739074707031
3662625055.jpg,mosaic_disease,0.9999004602432251
3665306245.jpg,healthy,0.6387449502944946
3665766829.jpg,mosaic_disease,0.8789048194885254
3667237103.jpg,mosaic_disease,0.9998595714569092
3667619405.jpg,healthy,0.8302261829376221
3668890746.jpg,green_mottle,0.7944420576095581
3670288988.jpg,mosaic_disease,0.9973505735397339
3672364441.jpg,mosaic_disease,0.9709930419921875
3675527864.jpg,mosaic_disease,0.8831475377082825
3677912635.jpg,healthy,0.8498170375823975
3680354956.jpg,mosaic_disease,0.9965877532958984
3682980457.jpg,healthy,0.6126410365104675
3683714600.jpg,green_mottle,0.4412766396999359
3684580496.jpg,green_mottle,0.9998292922973633
3686939079.jpg,mosaic_disease,0.9999839067459106
3687403120.jpg,green_mottle,0.6104168891906738
3687481214.jpg,mosaic_disease,0.9860605001449585
3687520197.jpg,healthy,0.7295157313346863
3687557580.jpg,healthy,0.45476076006889343
3689465564.jpg,mosaic_disease,0.5968924760818481
3692346350.jpg,mosaic_disease,0.9980462789535522
3694251978.jpg,brown_streak_disease,0.4898418188095093
3695666030.jpg,healthy,0.6608593463897705
3697315680.jpg,mosaic_disease,0.990788996219635
3699866059.jpg,mosaic_disease,0.813186764717102
3700407204.jpg,mosaic_disease,0.9999873638153076
3701789990.jpg,mosaic_disease,0.9959130883216858
3702701044.jpg,mosaic_disease,0.9999682903289795
3703003342.jpg,bacterial_blight,0.4745684266090393
3704493951.jpg,mosaic_disease,0.9993687272071838
3708475076.jpg,healthy,0.40682855248451233
37085998.jpg,mosaic_disease,0.9363393187522888
370864639.jpg,mosaic_disease,0.999159574508667
370886609.jpg,bacterial_blight,0.5782917737960815
3709090088.jpg,brown_streak_disease,0.877411425113678
3709699332.jpg,mosaic_disease,0.9999889135360718
370989494.jpg,mosaic_disease,0.8878223299980164
3715871015.jpg,green_mottle,0.8527079820632935
3716234980.jpg,mosaic_disease,0.9981770515441895
3718305933.jpg,mosaic_disease,0.9614294171333313
371833279.jpg,mosaic_disease,0.9675111174583435
3718836957.jpg,mosaic_disease,0.9204661250114441
3718912418.jpg,mosaic_disease,0.9984344840049744
3719137724.jpg,mosaic_disease,0.9989263415336609
3719586023.jpg,mosaic_disease,0.9902820587158203
3723972821.jpg,mosaic_disease,0.9999781847000122
3728202577.jpg,brown_streak_disease,0.9973369240760803
3728848474.jpg,mosaic_disease,0.9993947744369507
3731008076.jpg,healthy,0.46189209818840027
373389005.jpg,bacterial_blight,0.48149123787879944
3734888784.jpg,green_mottle,0.9867578148841858
3735226910.jpg,mosaic_disease,0.9971701502799988
3736449337.jpg,brown_streak_disease,0.4778941571712494
3736482061.jpg,mosaic_disease,0.9876905679702759
3737165022.jpg,brown_streak_disease,0.9973251819610596
3737858095.jpg,mosaic_disease,0.7803117632865906
3738494351.jpg,brown_streak_disease,0.9999423027038574
3740210587.jpg,mosaic_disease,0.9982093572616577
3740700061.jpg,mosaic_disease,0.9995119571685791
3743063654.jpg,mosaic_disease,0.4416378140449524
3743195625.jpg,mosaic_disease,0.998528003692627
3743673281.jpg,mosaic_disease,0.9995032548904419
3745339060.jpg,mosaic_disease,0.9991679191589355
3750485259.jpg,mosaic_disease,0.9917153716087341
3750531615.jpg,green_mottle,0.9994708895683289
3750946119.jpg,mosaic_disease,0.9971054196357727
375108909.jpg,brown_streak_disease,0.8793484568595886
3752024211.jpg,healthy,0.6597028970718384
3754488371.jpg,mosaic_disease,0.7013143301010132
3755456249.jpg,mosaic_disease,0.9966302514076233
3755850035.jpg,mosaic_disease,0.8921067118644714
3755967139.jpg,healthy,0.5373887419700623
3758359822.jpg,mosaic_disease,0.9893025755882263
3760651169.jpg,mosaic_disease,0.9931127429008484
3762101778.jpg,mosaic_disease,0.9999743700027466
3762341470.jpg,mosaic_disease,0.9825372099876404
3763125512.jpg,mosaic_disease,0.942208468914032
376449417.jpg,mosaic_disease,0.9982215762138367
376495899.jpg,mosaic_disease,0.9948726296424866
3766986363.jpg,mosaic_disease,0.9187330603599548
3767372651.jpg,healthy,0.8116592764854431
3767375469.jpg,brown_streak_disease,0.7989473938941956
3769300962.jpg,bacterial_blight,0.8976360559463501
376932028.jpg,healthy,0.7864649295806885
3770308231.jpg,brown_streak_disease,0.9941009879112244
3770952591.jpg,brown_streak_disease,0.997444748878479
3771504977.jpg,mosaic_disease,0.9463139772415161
3772776774.jpg,mosaic_disease,0.9706964492797852
3773164943.jpg,healthy,0.7016734480857849
3773184372.jpg,healthy,0.8965573906898499
3774493586.jpg,mosaic_disease,0.9997918009757996
3774809995.jpg,mosaic_disease,0.9999384880065918
3779096121.jpg,mosaic_disease,0.9994316697120667
378108717.jpg,mosaic_disease,0.6524430513381958
378894822.jpg,brown_streak_disease,0.6766090393066406
3792140986.jpg,mosaic_disease,0.39806321263313293
3793330900.jpg,bacterial_blight,0.7747178673744202
3793671937.jpg,mosaic_disease,0.9999973773956299
3794499013.jpg,mosaic_disease,0.8954693078994751
3795252251.jpg,mosaic_disease,0.9930792450904846
379627215.jpg,mosaic_disease,0.9986696243286133
3797289739.jpg,brown_streak_disease,0.9870316386222839
3799687072.jpg,mosaic_disease,0.8798494935035706
3800028744.jpg,mosaic_disease,0.9984384179115295
3801426852.jpg,mosaic_disease,0.9932132959365845
3803192051.jpg,mosaic_disease,0.9757621884346008
3803904228.jpg,brown_streak_disease,0.9805169701576233
3804799770.jpg,mosaic_disease,0.9830697774887085
3806166801.jpg,mosaic_disease,0.9975094795227051
3806360308.jpg,mosaic_disease,0.9917774200439453
3807708050.jpg,mosaic_disease,0.9999039173126221
3809350944.jpg,mosaic_disease,0.7837623953819275
3809986981.jpg,mosaic_disease,0.9970613121986389
381038531.jpg,mosaic_disease,0.9971317052841187
3815120957.jpg,green_mottle,0.9802699089050293
3815703262.jpg,mosaic_disease,0.5518088340759277
3819024840.jpg,mosaic_disease,0.9976521134376526
3821014554.jpg,mosaic_disease,0.9859580397605896
3821467365.jpg,mosaic_disease,0.9044166207313538
3821632962.jpg,mosaic_disease,0.8584977388381958
3824226603.jpg,mosaic_disease,0.9993273019790649
3826113040.jpg,brown_streak_disease,0.8020987510681152
3828356079.jpg,healthy,0.8326060175895691
3830176514.jpg,green_mottle,0.9074071645736694
3833349143.jpg,brown_streak_disease,0.960728108882904
3835489971.jpg,mosaic_disease,0.9850991368293762
3838519719.jpg,brown_streak_disease,0.29031041264533997
3840399556.jpg,brown_streak_disease,0.9724183678627014
3841961758.jpg,brown_streak_disease,0.9999710321426392
384390206.jpg,healthy,0.4382573068141937
3844847869.jpg,brown_streak_disease,0.7235098481178284
3845401101.jpg,mosaic_disease,0.9999351501464844
3845482298.jpg,mosaic_disease,0.8774107098579407
3847675023.jpg,healthy,0.8418601751327515
3850871951.jpg,brown_streak_disease,0.48219048976898193
3850927712.jpg,mosaic_disease,0.9999215602874756
3851259457.jpg,mosaic_disease,0.988037109375
3851642042.jpg,mosaic_disease,0.995332658290863
3852080973.jpg,mosaic_disease,0.9992990493774414
3852514218.jpg,mosaic_disease,0.9923209547996521
3853081007.jpg,mosaic_disease,0.9763565063476562
3853544751.jpg,mosaic_disease,0.9716269373893738
3854979839.jpg,mosaic_disease,0.8471632599830627
3855126741.jpg,mosaic_disease,0.5551661252975464
3855509491.jpg,mosaic_disease,0.5962024927139282
385687647.jpg,mosaic_disease,0.5582372546195984
3856973359.jpg,brown_streak_disease,0.5193868279457092
3858530439.jpg,green_mottle,0.999724805355072
386292765.jpg,mosaic_disease,0.8699005842208862
3863389449.jpg,mosaic_disease,0.9939954876899719
3863749717.jpg,green_mottle,0.9999990463256836
38648135.jpg,brown_streak_disease,0.9981299042701721
3866571802.jpg,healthy,0.5991127490997314
3868810256.jpg,mosaic_disease,0.929589569568634
3871053042.jpg,mosaic_disease,0.9980741739273071
3871591664.jpg,green_mottle,0.9570016860961914
3872624797.jpg,mosaic_disease,0.7368516325950623
387432753.jpg,brown_streak_disease,0.6199590563774109
3876777651.jpg,mosaic_disease,0.9997953772544861
3878867821.jpg,mosaic_disease,0.997291624546051
3880085819.jpg,green_mottle,0.8305487632751465
3884199625.jpg,green_mottle,0.9785826206207275
3885318661.jpg,mosaic_disease,0.9996232986450195
3885533035.jpg,mosaic_disease,0.8023183345794678
3886831141.jpg,bacterial_blight,0.755532443523407
3887762313.jpg,healthy,0.626498818397522
3889376143.jpg,bacterial_blight,0.8407357335090637
3889601162.jpg,mosaic_disease,0.9986793398857117
3892133252.jpg,green_mottle,1.0
389266721.jpg,mosaic_disease,0.9524331092834473
3893240286.jpg,mosaic_disease,0.9997221827507019
3893486211.jpg,brown_streak_disease,0.6949340105056763
3895696806.jpg,bacterial_blight,0.8666757941246033
3895832332.jpg,mosaic_disease,0.982002854347229
3898690121.jpg,mosaic_disease,0.9653235673904419
3903622847.jpg,healthy,0.8904098272323608
390391500.jpg,mosaic_disease,0.9999809265136719
3904023913.jpg,green_mottle,0.5432329177856445
3904457207.jpg,brown_streak_disease,0.7340993881225586
3904937505.jpg,mosaic_disease,0.9956302642822266
3907844004.jpg,mosaic_disease,0.9937832355499268
3909196241.jpg,mosaic_disease,0.9653617143630981
3910075821.jpg,mosaic_disease,0.9901144504547119
3911343198.jpg,healthy,0.9693278670310974
3914596588.jpg,mosaic_disease,0.8218672275543213
3916273768.jpg,mosaic_disease,0.9915224313735962
3917412702.jpg,mosaic_disease,0.9983976483345032
391785248.jpg,green_mottle,0.8742360472679138
3917910837.jpg,mosaic_disease,0.9604028463363647
3919714704.jpg,mosaic_disease,0.9989776611328125
392227472.jpg,mosaic_disease,0.9867655038833618
3922831035.jpg,mosaic_disease,0.999453604221344
3923826368.jpg,mosaic_disease,0.9998739957809448
3924101300.jpg,healthy,0.47436586022377014
3924602971.jpg,brown_streak_disease,0.996406614780426
392503327.jpg,brown_streak_disease,0.9502462148666382
3925869140.jpg,green_mottle,0.6978045105934143
3926325186.jpg,mosaic_disease,0.9992114305496216
3927113290.jpg,brown_streak_disease,0.995629072189331
39272616.jpg,mosaic_disease,0.9854909181594849
3928691677.jpg,mosaic_disease,0.9997329115867615
3928789907.jpg,mosaic_disease,0.8191657066345215
3928883065.jpg,brown_streak_disease,0.9394902586936951
3929583160.jpg,mosaic_disease,0.9907845258712769
3931679914.jpg,healthy,0.8718332648277283
3933504809.jpg,mosaic_disease,0.8376976847648621
3934961843.jpg,green_mottle,0.5440086722373962
3936500329.jpg,brown_streak_disease,0.9838835597038269
3936921182.jpg,mosaic_disease,0.999319314956665
3937688223.jpg,mosaic_disease,0.3767450749874115
3937938312.jpg,mosaic_disease,0.9936562180519104
3937945582.jpg,mosaic_disease,0.6828967928886414
3938319761.jpg,mosaic_disease,0.9996092915534973
3938379090.jpg,brown_streak_disease,0.9942270517349243
3942244753.jpg,mosaic_disease,0.9983205199241638
3942751753.jpg,mosaic_disease,0.9999707937240601
3943522755.jpg,brown_streak_disease,0.9604714512825012
3943561063.jpg,mosaic_disease,0.9991727471351624
3944854455.jpg,mosaic_disease,0.928027868270874
3946275432.jpg,mosaic_disease,0.9991697072982788
394700634.jpg,mosaic_disease,0.9999960660934448
3947021884.jpg,mosaic_disease,0.9862492680549622
3948333262.jpg,mosaic_disease,0.9902814626693726
394906774.jpg,mosaic_disease,0.9906133413314819
3949530220.jpg,mosaic_disease,0.9885181188583374
3949979223.jpg,mosaic_disease,0.9968668818473816
3950261672.jpg,healthy,0.5168903470039368
3951364046.jpg,mosaic_disease,0.9996837377548218
3951384519.jpg,mosaic_disease,0.9570792317390442
3952426045.jpg,bacterial_blight,0.7869967818260193
3952532444.jpg,green_mottle,0.9847381114959717
3953140534.jpg,mosaic_disease,0.9989282488822937
3953247024.jpg,mosaic_disease,0.9509313106536865
3953530273.jpg,mosaic_disease,0.9360592365264893
3954180556.jpg,mosaic_disease,0.9998999834060669
3954399974.jpg,healthy,0.4892098903656006
3956778160.jpg,brown_streak_disease,0.46694597601890564
3958986545.jpg,mosaic_disease,0.999941349029541
396152951.jpg,mosaic_disease,0.9122921228408813
3961645455.jpg,mosaic_disease,0.9982503056526184
3962424026.jpg,mosaic_disease,0.9970597624778748
3963163426.jpg,healthy,0.8321760892868042
3963194620.jpg,mosaic_disease,0.8274980783462524
3963421928.jpg,mosaic_disease,0.9997672438621521
3965161877.jpg,mosaic_disease,0.9816332459449768
3966256467.jpg,bacterial_blight,0.9527856707572937
3966618744.jpg,brown_streak_disease,0.7871820330619812
3967002927.jpg,mosaic_disease,0.9995449185371399
3969288877.jpg,green_mottle,0.9605617523193359
3973042447.jpg,mosaic_disease,0.9709643721580505
3973350310.jpg,mosaic_disease,0.9995761513710022
397477697.jpg,green_mottle,0.999996542930603
3976294368.jpg,green_mottle,0.612386167049408
3977934674.jpg,green_mottle,0.9729947447776794
3980236832.jpg,mosaic_disease,0.9072652459144592
3981449307.jpg,mosaic_disease,0.9990018010139465
3983156415.jpg,healthy,0.5397045612335205
3983257977.jpg,mosaic_disease,0.9992733597755432
3985539982.jpg,bacterial_blight,0.5181272029876709
3986774650.jpg,bacterial_blight,0.6903272867202759
3988625744.jpg,mosaic_disease,0.9983794689178467
3988748153.jpg,mosaic_disease,0.998974084854126
3988908835.jpg,healthy,0.5040379166603088
3989567826.jpg,brown_streak_disease,0.9201124310493469
3992156989.jpg,healthy,0.464865505695343
3993385288.jpg,mosaic_disease,0.697235107421875
3993445930.jpg,brown_streak_disease,0.5121436715126038
3994140306.jpg,mosaic_disease,0.9987670183181763
3995459350.jpg,mosaic_disease,0.8638431429862976
3995611090.jpg,mosaic_disease,0.9999537467956543
3995652879.jpg,mosaic_disease,0.9276555180549622
3998061368.jpg,mosaic_disease,0.9996963739395142
3998876448.jpg,mosaic_disease,0.9947113990783691
3999057498.jpg,mosaic_disease,0.9991697072982788
3999919472.jpg,mosaic_disease,0.9999122619628906
4003743131.jpg,mosaic_disease,0.9998868703842163
400659016.jpg,mosaic_disease,0.9873702526092529
4007496530.jpg,mosaic_disease,0.9739428758621216
4007863717.jpg,mosaic_disease,0.9980352520942688
4010033110.jpg,bacterial_blight,0.660787045955658
401014506.jpg,mosaic_disease,0.8469639420509338
4011584654.jpg,mosaic_disease,0.9990134239196777
4011808410.jpg,mosaic_disease,0.9981027245521545
4011855023.jpg,green_mottle,0.9988594055175781
4012991652.jpg,mosaic_disease,0.9928237199783325
4013610919.jpg,healthy,0.3967801630496979
4014877464.jpg,mosaic_disease,0.8148060441017151
4014881433.jpg,green_mottle,0.9939822554588318
4014913503.jpg,mosaic_disease,0.9740651249885559
4016073096.jpg,brown_streak_disease,0.9666756391525269
4019065947.jpg,mosaic_disease,0.9975599050521851
4020073258.jpg,mosaic_disease,0.6681987047195435
4020462779.jpg,brown_streak_disease,0.8988775014877319
4022871563.jpg,mosaic_disease,0.9978156089782715
4024425381.jpg,mosaic_disease,0.9991900324821472
4024636592.jpg,mosaic_disease,0.996273398399353
4026736343.jpg,brown_streak_disease,0.9781510829925537
4031321038.jpg,mosaic_disease,0.8237107992172241
4031627524.jpg,mosaic_disease,0.9988231062889099
4031789905.jpg,mosaic_disease,0.934710681438446
4032292698.jpg,mosaic_disease,0.9928741455078125
4032326580.jpg,mosaic_disease,0.9993133544921875
403345253.jpg,mosaic_disease,0.7219950556755066
4034547314.jpg,mosaic_disease,0.9702069163322449
4034666533.jpg,mosaic_disease,0.9159389138221741
4035811730.jpg,mosaic_disease,0.7382115721702576
4035835394.jpg,healthy,0.49538740515708923
4037393509.jpg,healthy,0.5700865387916565
4037648479.jpg,healthy,0.756627082824707
4037735151.jpg,mosaic_disease,0.9455756545066833
4037829966.jpg,mosaic_disease,0.9327203631401062
4038168935.jpg,mosaic_disease,0.9884632229804993
4043869250.jpg,healthy,0.6104707717895508
4044329664.jpg,mosaic_disease,0.9336415529251099
4047167362.jpg,mosaic_disease,0.9990487694740295
4047585545.jpg,mosaic_disease,0.9997537732124329
4048486399.jpg,mosaic_disease,0.9998922348022461
4049425598.jpg,mosaic_disease,0.9644852876663208
4052176327.jpg,healthy,0.6633266806602478
4052560823.jpg,brown_streak_disease,0.9929157495498657
4053510295.jpg,mosaic_disease,0.9668682813644409
4056643222.jpg,bacterial_blight,0.9950138926506042
4057637286.jpg,mosaic_disease,0.9987363219261169
4058785345.jpg,green_mottle,0.7569970488548279
4059451569.jpg,brown_streak_disease,0.9938697814941406
4060265637.jpg,mosaic_disease,0.9999426603317261
4060346776.jpg,mosaic_disease,0.9999579191207886
4060945579.jpg,healthy,0.5741199851036072
4062580069.jpg,brown_streak_disease,0.294246107339859
4063529695.jpg,mosaic_disease,0.9983421564102173
4066829254.jpg,mosaic_disease,0.9999463558197021
4068398781.jpg,bacterial_blight,0.8284127116203308
4068888153.jpg,mosaic_disease,0.9988070726394653
40696329.jpg,healthy,0.5313878059387207
4070631340.jpg,mosaic_disease,0.9966543912887573
4071806046.jpg,brown_streak_disease,0.48307350277900696
407426699.jpg,mosaic_disease,0.9996761083602905
4074718278.jpg,healthy,0.40377482771873474
4074847622.jpg,mosaic_disease,0.9928088188171387
4075412353.jpg,mosaic_disease,0.8425350785255432
4077138673.jpg,healthy,0.7018610239028931
4080368773.jpg,brown_streak_disease,0.9995111227035522
4080548789.jpg,mosaic_disease,0.953467845916748
4081070840.jpg,mosaic_disease,0.999647855758667
4082694328.jpg,mosaic_disease,0.9827272295951843
408355226.jpg,mosaic_disease,0.9994694590568542
4083849263.jpg,mosaic_disease,0.9772279858589172
4084071481.jpg,brown_streak_disease,0.9999667406082153
408414905.jpg,mosaic_disease,0.9951717257499695
4084618799.jpg,mosaic_disease,0.9932669401168823
4087448407.jpg,mosaic_disease,0.9864072799682617
4088071692.jpg,mosaic_disease,0.998503565788269
4088770277.jpg,green_mottle,0.47548407316207886
4089645917.jpg,healthy,0.6665195226669312
4091446019.jpg,mosaic_disease,0.9634374976158142
4091571824.jpg,healthy,0.43079662322998047
4091748271.jpg,brown_streak_disease,0.9734727144241333
4092403597.jpg,healthy,0.8922768831253052
4100265698.jpg,mosaic_disease,0.9996004700660706
4102729978.jpg,healthy,0.512661337852478
4108393166.jpg,green_mottle,0.987647294998169
4109287296.jpg,mosaic_disease,0.9875439405441284
4109950736.jpg,brown_streak_disease,0.5968284010887146
4110987286.jpg,mosaic_disease,0.9993939399719238
4111582298.jpg,mosaic_disease,0.9905812740325928
4113877744.jpg,bacterial_blight,0.43678736686706543
4116414929.jpg,mosaic_disease,0.9956110119819641
4116832468.jpg,mosaic_disease,0.9497090578079224
4119019208.jpg,mosaic_disease,0.9999256134033203
4119076771.jpg,mosaic_disease,0.9962933659553528
4119270485.jpg,brown_streak_disease,0.5642227530479431
4120101206.jpg,healthy,0.9083614349365234
4120735558.jpg,mosaic_disease,0.943874180316925
4121873151.jpg,mosaic_disease,0.9708127975463867
4122060123.jpg,mosaic_disease,0.5796208381652832
4123656006.jpg,mosaic_disease,0.9935184121131897
4124483418.jpg,mosaic_disease,0.8618732690811157
4127820008.jpg,bacterial_blight,0.494579017162323
4129031753.jpg,mosaic_disease,0.99839848279953
4130177618.jpg,healthy,0.539798378944397
4132540951.jpg,mosaic_disease,0.996009111404419
41327518.jpg,mosaic_disease,0.9991210103034973
4133329748.jpg,mosaic_disease,0.9960663914680481
4136963668.jpg,mosaic_disease,0.9920342564582825
4137525990.jpg,green_mottle,0.979310154914856
4137861888.jpg,brown_streak_disease,0.9021092057228088
4138957556.jpg,mosaic_disease,0.998842179775238
4140381716.jpg,mosaic_disease,0.9847447276115417
4140868783.jpg,green_mottle,0.9999974966049194
4141721005.jpg,green_mottle,0.9941040873527527
4142424247.jpg,mosaic_disease,0.9998030066490173
4145817013.jpg,brown_streak_disease,0.999981164932251
414587008.jpg,mosaic_disease,0.8903880715370178
4147695010.jpg,brown_streak_disease,0.9994294047355652
4147991798.jpg,brown_streak_disease,0.9831847548484802
4148306870.jpg,mosaic_disease,0.8444600701332092
4148374755.jpg,brown_streak_disease,0.5600664019584656
4149113936.jpg,healthy,0.42113032937049866
4149713311.jpg,brown_streak_disease,0.9999345541000366
415127331.jpg,healthy,0.9529997706413269
4151371064.jpg,mosaic_disease,0.9993969202041626
4152969433.jpg,mosaic_disease,0.9972310662269592
4154577723.jpg,mosaic_disease,0.8407662510871887
415601411.jpg,mosaic_disease,0.9874672293663025
4156138691.jpg,healthy,0.4107954800128937
4156518225.jpg,mosaic_disease,0.9998241066932678
4157808497.jpg,mosaic_disease,0.9593639969825745
415901273.jpg,green_mottle,0.9788230061531067
4159778976.jpg,healthy,0.6379266381263733
416350020.jpg,mosaic_disease,0.9938344955444336
4166830303.jpg,bacterial_blight,0.9980138540267944
4168406521.jpg,mosaic_disease,0.9939790964126587
4168463468.jpg,mosaic_disease,0.999795138835907
417083161.jpg,green_mottle,0.9972756505012512
4171083166.jpg,green_mottle,0.4878048300743103
4171842238.jpg,mosaic_disease,0.9988993406295776
4172116548.jpg,mosaic_disease,0.9901975393295288
4172480899.jpg,bacterial_blight,0.5646361112594604
4172651490.jpg,mosaic_disease,0.990611732006073
4174034867.jpg,healthy,0.4107013940811157
4175366577.jpg,healthy,0.6588296890258789
4175483651.jpg,bacterial_blight,0.5465249419212341
4175885310.jpg,mosaic_disease,0.9998934268951416
417726822.jpg,mosaic_disease,0.9998072981834412
4177483982.jpg,green_mottle,0.9689277410507202
4180192243.jpg,mosaic_disease,0.9183583855628967
4183084622.jpg,mosaic_disease,0.9673320651054382
418334255.jpg,mosaic_disease,0.9998089671134949
4186913818.jpg,brown_streak_disease,0.8945981860160828
4189434450.jpg,healthy,0.850656270980835
4192202317.jpg,mosaic_disease,0.9941184520721436
4194771487.jpg,mosaic_disease,0.9903624653816223
4195244088.jpg,mosaic_disease,0.8424183130264282
4195466993.jpg,healthy,0.9479644894599915
4195598174.jpg,mosaic_disease,0.9999580383300781
4196953609.jpg,mosaic_disease,0.9995335340499878
4197342074.jpg,mosaic_disease,0.9970142841339111
4197924159.jpg,bacterial_blight,0.4606860280036926
4198716327.jpg,mosaic_disease,0.8001065850257874
4200117481.jpg,mosaic_disease,0.9998507499694824
4201154907.jpg,mosaic_disease,0.9999315738677979
4202232655.jpg,mosaic_disease,0.9970086216926575
4204052226.jpg,mosaic_disease,0.9992361068725586
4204435196.jpg,bacterial_blight,0.712567150592804
4204930835.jpg,mosaic_disease,0.9997861981391907
4205256960.jpg,mosaic_disease,0.9991196990013123
4205935925.jpg,mosaic_disease,0.997622549533844
4206128911.jpg,healthy,0.6118411421775818
4206947168.jpg,mosaic_disease,0.9930599927902222
4207507257.jpg,healthy,0.8636924028396606
4208734427.jpg,mosaic_disease,0.9882979989051819
42091153.jpg,mosaic_disease,0.9916463494300842
4210844423.jpg,green_mottle,0.9819066524505615
4212381540.jpg,green_mottle,0.9576923251152039
4213496821.jpg,brown_streak_disease,0.6555452942848206
4213617078.jpg,mosaic_disease,0.9967215657234192
4214231918.jpg,mosaic_disease,0.9785125255584717
4215422065.jpg,mosaic_disease,0.8061400055885315
4215590346.jpg,mosaic_disease,0.9958608746528625
4218379987.jpg,mosaic_disease,0.9382104277610779
4219325672.jpg,brown_streak_disease,0.9658511877059937
4220602838.jpg,healthy,0.6595326066017151
4221079095.jpg,brown_streak_disease,0.9999223947525024
4221337280.jpg,mosaic_disease,0.715571403503418
4222040143.jpg,healthy,0.7829294204711914
4222895181.jpg,mosaic_disease,0.8952606916427612
4224255718.jpg,mosaic_disease,0.9992836117744446
4224712607.jpg,mosaic_disease,0.9331774115562439
4224873954.jpg,mosaic_disease,0.9975757002830505
4225259568.jpg,green_mottle,0.9957675933837891
4225572023.jpg,healthy,0.5222618579864502
4226241214.jpg,mosaic_disease,0.999946117401123
422690051.jpg,brown_streak_disease,0.5240156650543213
4227756572.jpg,mosaic_disease,0.9798647165298462
4228743901.jpg,green_mottle,0.6172855496406555
4232654944.jpg,healthy,0.5874007344245911
4233314988.jpg,healthy,0.6000960469245911
4234605337.jpg,green_mottle,0.6461638808250427
4235958385.jpg,mosaic_disease,0.9250551462173462
4236479992.jpg,mosaic_disease,0.9958279728889465
423771558.jpg,bacterial_blight,0.8571608662605286
423907510.jpg,healthy,0.7410720586776733
4241128101.jpg,healthy,0.48593294620513916
4243138480.jpg,mosaic_disease,0.9997085928916931
4245177289.jpg,mosaic_disease,0.9889636039733887
4246064356.jpg,mosaic_disease,0.9615741968154907
424686742.jpg,bacterial_blight,0.3807334303855896
4246986532.jpg,mosaic_disease,0.9767370820045471
4248062879.jpg,healthy,0.4303475022315979
4248343921.jpg,brown_streak_disease,0.5913087725639343
4249429876.jpg,mosaic_disease,0.8197368383407593
4250119562.jpg,mosaic_disease,0.9971352815628052
425031851.jpg,brown_streak_disease,0.9990671277046204
4250538490.jpg,brown_streak_disease,0.9957103729248047
425244758.jpg,brown_streak_disease,0.9993764758110046
4254213032.jpg,green_mottle,0.48326563835144043
4255100884.jpg,mosaic_disease,0.9894887804985046
4255490685.jpg,mosaic_disease,0.9997318387031555
4255738008.jpg,brown_streak_disease,0.860900342464447
4256268171.jpg,mosaic_disease,0.9965758919715881
4256882986.jpg,mosaic_disease,0.9794790148735046
4256968855.jpg,mosaic_disease,0.5480652451515198
4257203192.jpg,mosaic_disease,0.9999450445175171
4258928980.jpg,healthy,0.3826487958431244
4262071206.jpg,mosaic_disease,0.9959356784820557
4262629224.jpg,healthy,0.8786430358886719
4270811965.jpg,mosaic_disease,0.9159182906150818
4270972443.jpg,healthy,0.3769252896308899
4271000778.jpg,mosaic_disease,0.9754166007041931
4271208803.jpg,mosaic_disease,0.7376629114151001
4273381406.jpg,mosaic_disease,0.9971996545791626
4273424873.jpg,mosaic_disease,0.9995993971824646
4274749483.jpg,mosaic_disease,0.9990977048873901
4275236690.jpg,mosaic_disease,0.9999901056289673
4275773216.jpg,mosaic_disease,0.9370095729827881
4276702530.jpg,mosaic_disease,0.9994027614593506
4277213356.jpg,brown_streak_disease,0.8018386960029602
4278355555.jpg,bacterial_blight,0.417477011680603
4280091186.jpg,healthy,0.5311987996101379
4280760906.jpg,healthy,0.6334403157234192
4284191566.jpg,mosaic_disease,0.9998493194580078
4285401686.jpg,mosaic_disease,0.9933279752731323
4286158151.jpg,bacterial_blight,0.9749084115028381
4286577227.jpg,healthy,0.5115967392921448
4290607578.jpg,mosaic_disease,0.9997343420982361
4290786696.jpg,mosaic_disease,0.9999797344207764
4290868604.jpg,mosaic_disease,0.9982622265815735
4292224219.jpg,mosaic_disease,0.9994121789932251
429832892.jpg,bacterial_blight,0.9260578751564026
432371484.jpg,healthy,0.7072106599807739
43400769.jpg,mosaic_disease,0.9999992847442627
436004250.jpg,mosaic_disease,0.9850515127182007
436314229.jpg,mosaic_disease,0.9832141399383545
437931902.jpg,mosaic_disease,0.6747979521751404
438286664.jpg,mosaic_disease,0.9660576581954956
438352262.jpg,mosaic_disease,0.9980332255363464
441579945.jpg,healthy,0.4758302867412567
443656391.jpg,bacterial_blight,0.4938165545463562
446986430.jpg,mosaic_disease,0.7931268215179443
44779769.jpg,healthy,0.7694686055183411
450239051.jpg,mosaic_disease,0.9994681477546692
451285147.jpg,bacterial_blight,0.3903573751449585
454183787.jpg,brown_streak_disease,0.8988317251205444
454771505.jpg,healthy,0.780443012714386
455503561.jpg,mosaic_disease,0.9964048862457275
458078692.jpg,green_mottle,0.9999592304229736
458698920.jpg,healthy,0.3741517961025238
459018171.jpg,healthy,0.56219881772995
459183399.jpg,mosaic_disease,0.8922001123428345
461654762.jpg,bacterial_blight,0.7295415997505188
462938008.jpg,mosaic_disease,0.8702502846717834
463752462.jpg,mosaic_disease,0.9999145269393921
467000681.jpg,mosaic_disease,0.6516066193580627
467561327.jpg,mosaic_disease,0.9632964730262756
467965750.jpg,mosaic_disease,0.9976903200149536
469651575.jpg,mosaic_disease,0.9996134638786316
470635054.jpg,mosaic_disease,0.9986844658851624
471719560.jpg,brown_streak_disease,0.5693021416664124
472536044.jpg,mosaic_disease,0.9932656288146973
473737593.jpg,healthy,0.7384623885154724
473895860.jpg,mosaic_disease,0.9999902248382568
475006659.jpg,mosaic_disease,0.9926209449768066
475593787.jpg,mosaic_disease,0.9989528656005859
477523981.jpg,bacterial_blight,0.739221453666687
477888939.jpg,mosaic_disease,0.9973692893981934
482191440.jpg,healthy,0.3542429506778717
483210216.jpg,healthy,0.5793243646621704
483725147.jpg,brown_streak_disease,0.99962317943573
483774797.jpg,mosaic_disease,0.998565137386322
486182898.jpg,brown_streak_disease,0.4874447286128998
486378688.jpg,mosaic_disease,0.9997163414955139
486827297.jpg,mosaic_disease,0.8158613443374634
488621358.jpg,mosaic_disease,0.9998635053634644
489859226.jpg,mosaic_disease,0.9998569488525391
490760030.jpg,brown_streak_disease,0.9941439032554626
490933333.jpg,mosaic_disease,0.9854126572608948
491244285.jpg,brown_streak_disease,0.6870806813240051
491402925.jpg,mosaic_disease,0.9999264478683472
493875479.jpg,mosaic_disease,0.9763509035110474
494174224.jpg,mosaic_disease,0.9520707726478577
494373942.jpg,mosaic_disease,0.9983463287353516
494596361.jpg,mosaic_disease,0.9994807839393616
495499602.jpg,mosaic_disease,0.9658284187316895
495907528.jpg,healthy,0.6323917508125305
496814023.jpg,mosaic_disease,0.9969722032546997
497620321.jpg,healthy,0.6108025312423706
498197766.jpg,mosaic_disease,0.9911076426506042
499499899.jpg,brown_streak_disease,0.42905670404434204
500785791.jpg,mosaic_disease,0.9986870884895325
503851333.jpg,mosaic_disease,0.9996798038482666
505261633.jpg,mosaic_disease,0.9219944477081299
505820957.jpg,healthy,0.7713375687599182
50589657.jpg,brown_streak_disease,0.9998817443847656
506080526.jpg,healthy,0.44527289271354675
506567755.jpg,mosaic_disease,0.995890736579895
508241911.jpg,bacterial_blight,0.44832873344421387
508653988.jpg,brown_streak_disease,0.39817890524864197
509720498.jpg,mosaic_disease,0.9745345115661621
510931414.jpg,mosaic_disease,0.9991003274917603
511322441.jpg,mosaic_disease,0.9915581941604614
51284514.jpg,mosaic_disease,0.9998301267623901
512994798.jpg,mosaic_disease,0.7393265962600708
514040790.jpg,mosaic_disease,0.9990148544311523
515316460.jpg,mosaic_disease,0.9749006628990173
515738750.jpg,green_mottle,0.8408352732658386
522854384.jpg,mosaic_disease,0.9919524788856506
525349447.jpg,mosaic_disease,0.9999927282333374
525691978.jpg,mosaic_disease,0.9981953501701355
527474755.jpg,mosaic_disease,0.9998394250869751
527923260.jpg,mosaic_disease,0.9776729345321655
529324614.jpg,mosaic_disease,0.9975156784057617
531614810.jpg,green_mottle,0.8952615857124329
532304081.jpg,mosaic_disease,0.5440735816955566
532464272.jpg,mosaic_disease,0.49188587069511414
533133014.jpg,mosaic_disease,0.9888293147087097
533486476.jpg,healthy,0.8832284808158875
534270890.jpg,bacterial_blight,0.9459208846092224
53515353.jpg,mosaic_disease,0.9986294507980347
53822293.jpg,mosaic_disease,0.9345575571060181
539156114.jpg,mosaic_disease,0.9965839385986328
541016077.jpg,mosaic_disease,0.6247293949127197
541812079.jpg,mosaic_disease,0.9999716281890869
542432519.jpg,brown_streak_disease,0.9986814856529236
5430583.jpg,mosaic_disease,0.9991329312324524
543312121.jpg,mosaic_disease,0.9996453523635864
543499151.jpg,mosaic_disease,0.9769192337989807
543908014.jpg,bacterial_blight,0.82396000623703
544308898.jpg,mosaic_disease,0.9854104518890381
544841387.jpg,mosaic_disease,0.9998708963394165
545818494.jpg,mosaic_disease,0.46362170577049255
549591801.jpg,mosaic_disease,0.9996036887168884
550691642.jpg,bacterial_blight,0.9396700263023376
550916089.jpg,mosaic_disease,0.9932441115379333
55220429.jpg,mosaic_disease,0.9398989081382751
553154853.jpg,green_mottle,0.9555911421775818
553826173.jpg,brown_streak_disease,0.9819656014442444
556066757.jpg,mosaic_disease,0.9988100528717041
556223341.jpg,mosaic_disease,0.9998934268951416
55799003.jpg,mosaic_disease,0.9724647998809814
559509734.jpg,mosaic_disease,0.885952353477478
561647799.jpg,brown_streak_disease,0.998412013053894
564643932.jpg,mosaic_disease,0.7437029480934143
5664536.jpg,mosaic_disease,0.9997982382774353
5666225.jpg,mosaic_disease,0.9929553866386414
568347975.jpg,mosaic_disease,0.9987277388572693
568805661.jpg,mosaic_disease,0.9844470024108887
569345273.jpg,mosaic_disease,0.9935522079467773
570348622.jpg,mosaic_disease,0.9981855750083923
571328280.jpg,mosaic_disease,0.938575029373169
572515769.jpg,mosaic_disease,0.4165448248386383
573623784.jpg,mosaic_disease,0.9324581623077393
575135832.jpg,mosaic_disease,0.9625434875488281
575181306.jpg,brown_streak_disease,0.6673511266708374
57665451.jpg,mosaic_disease,0.934607207775116
578646228.jpg,mosaic_disease,0.9963470101356506
580838214.jpg,mosaic_disease,0.996357262134552
580859644.jpg,mosaic_disease,0.9996438026428223
581902083.jpg,mosaic_disease,0.9915611147880554
582352615.jpg,mosaic_disease,0.9838903546333313
585228910.jpg,mosaic_disease,0.9590195417404175
586054705.jpg,bacterial_blight,0.5099124312400818
58667011.jpg,mosaic_disease,0.7889252305030823
586687554.jpg,mosaic_disease,0.928490400314331
587692768.jpg,brown_streak_disease,0.8851747512817383
589122135.jpg,mosaic_disease,0.9785870909690857
591372512.jpg,mosaic_disease,0.9354328513145447
591741499.jpg,mosaic_disease,0.7443747520446777
591760666.jpg,mosaic_disease,0.999997615814209
596706595.jpg,green_mottle,0.8318648338317871
596964772.jpg,brown_streak_disease,0.9998303651809692
597213250.jpg,mosaic_disease,0.9918067455291748
600610735.jpg,mosaic_disease,0.9988380074501038
600869262.jpg,brown_streak_disease,0.9904881715774536
601096842.jpg,healthy,0.6262636780738831
602912992.jpg,mosaic_disease,0.9996646642684937
605088351.jpg,mosaic_disease,0.9984433054924011
605794963.jpg,mosaic_disease,0.9933801889419556
6103.jpg,mosaic_disease,0.9988704323768616
611122414.jpg,mosaic_disease,0.993107259273529
612054401.jpg,mosaic_disease,0.9514538645744324
61393807.jpg,mosaic_disease,0.7941313982009888
61492497.jpg,mosaic_disease,0.9998927116394043
616514000.jpg,brown_streak_disease,0.9717563390731812
616745238.jpg,mosaic_disease,0.4427713453769684
616889374.jpg,brown_streak_disease,0.9990999698638916
619953066.jpg,mosaic_disease,0.9935637712478638
620126996.jpg,green_mottle,0.9999978542327881
62069424.jpg,mosaic_disease,0.9988731741905212
620790397.jpg,mosaic_disease,0.9151716828346252
621125183.jpg,mosaic_disease,0.9999638795852661
622130666.jpg,mosaic_disease,0.9992430210113525
622587109.jpg,mosaic_disease,0.9649909138679504
629637059.jpg,healthy,0.5177216529846191
631563709.jpg,healthy,0.8121418952941895
632517607.jpg,mosaic_disease,0.9665475487709045
634816572.jpg,mosaic_disease,0.9955033659934998
635122883.jpg,green_mottle,0.8318108916282654
640668148.jpg,mosaic_disease,0.9602283835411072
643541195.jpg,mosaic_disease,0.9999880790710449
643613398.jpg,green_mottle,0.7082608938217163
645764425.jpg,mosaic_disease,0.9378675222396851
64610911.jpg,green_mottle,0.5284648537635803
6477704.jpg,healthy,0.5326645970344543
650816529.jpg,mosaic_disease,0.999618649482727
651123589.jpg,brown_streak_disease,0.981681764125824
65139094.jpg,mosaic_disease,0.9880466461181641
651635547.jpg,healthy,0.6618947386741638
651791438.jpg,mosaic_disease,0.6353493928909302
652381513.jpg,healthy,0.5037664175033569
657031133.jpg,bacterial_blight,0.8825685977935791
657747231.jpg,brown_streak_disease,0.9997579455375671
657747378.jpg,mosaic_disease,0.9966323971748352
658285764.jpg,mosaic_disease,0.9841701984405518
659737430.jpg,mosaic_disease,0.9997541308403015
660374182.jpg,mosaic_disease,0.9995342493057251
661256835.jpg,mosaic_disease,0.9820681214332581
662050128.jpg,mosaic_disease,0.9998388290405273
664137344.jpg,brown_streak_disease,0.61751389503479
66571398.jpg,healthy,0.3089978098869324
667058681.jpg,mosaic_disease,0.9993982315063477
669360547.jpg,mosaic_disease,0.9994937181472778
670541081.jpg,green_mottle,0.9965157508850098
671937589.jpg,mosaic_disease,0.9999912977218628
674380607.jpg,mosaic_disease,0.5225140452384949
678699468.jpg,bacterial_blight,0.9069665670394897
678707458.jpg,bacterial_blight,0.3570176959037781
678743430.jpg,brown_streak_disease,0.8381418585777283
6788393.jpg,mosaic_disease,0.9386411905288696
680852379.jpg,mosaic_disease,0.9910150170326233
683096346.jpg,mosaic_disease,0.9959067106246948
685497354.jpg,mosaic_disease,0.9057833552360535
685742976.jpg,mosaic_disease,0.9994683861732483
685840333.jpg,mosaic_disease,0.9941042065620422
686958649.jpg,brown_streak_disease,0.9680919647216797
687693766.jpg,brown_streak_disease,0.9999996423721313
687913373.jpg,mosaic_disease,0.9922786951065063
690163.jpg,mosaic_disease,0.9960434436798096
69026823.jpg,mosaic_disease,0.9768757820129395
690564008.jpg,mosaic_disease,0.8994320631027222
690578148.jpg,mosaic_disease,0.9999628067016602
690967280.jpg,brown_streak_disease,0.9999605417251587
691285209.jpg,green_mottle,0.845675528049469
695172067.jpg,mosaic_disease,0.9812496304512024
696538469.jpg,mosaic_disease,0.9976122379302979
697372150.jpg,mosaic_disease,0.9995871186256409
699957994.jpg,mosaic_disease,0.9986390471458435
701052546.jpg,mosaic_disease,0.999940037727356
701148586.jpg,brown_streak_disease,0.9742106199264526
701939948.jpg,mosaic_disease,0.5666742920875549
702921718.jpg,brown_streak_disease,0.9319580793380737
703444371.jpg,bacterial_blight,0.8527365326881409
705886704.jpg,mosaic_disease,0.9997217059135437
707347112.jpg,mosaic_disease,0.9997081160545349
709094492.jpg,mosaic_disease,0.8377176523208618
710255784.jpg,bacterial_blight,0.3521572947502136
710380163.jpg,mosaic_disease,0.9210166931152344
710999120.jpg,healthy,0.590075671672821
712382120.jpg,brown_streak_disease,0.9020084142684937
7145099.jpg,mosaic_disease,0.9987695813179016
715597792.jpg,healthy,0.714521050453186
716011398.jpg,mosaic_disease,0.9956398010253906
717745388.jpg,mosaic_disease,0.9975975155830383
717753643.jpg,mosaic_disease,0.980048418045044
717891487.jpg,brown_streak_disease,0.8494433164596558
717911960.jpg,mosaic_disease,0.960140585899353
719168391.jpg,mosaic_disease,0.9968861937522888
719526260.jpg,mosaic_disease,0.9849012494087219
720076710.jpg,mosaic_disease,0.997992753982544
72286182.jpg,mosaic_disease,0.912873387336731
723119750.jpg,mosaic_disease,0.9884591698646545
726063333.jpg,mosaic_disease,0.9932377338409424
726374295.jpg,mosaic_disease,0.9415640830993652
728024398.jpg,healthy,0.6761972308158875
731897320.jpg,mosaic_disease,0.9026709794998169
732483696.jpg,healthy,0.3735756278038025
732560190.jpg,green_mottle,0.9984208345413208
733045784.jpg,healthy,0.7784397006034851
73533711.jpg,mosaic_disease,0.9936805963516235
736571688.jpg,mosaic_disease,0.9980864524841309
737556184.jpg,mosaic_disease,0.9986647367477417
738656611.jpg,healthy,0.4832972586154938
742154911.jpg,mosaic_disease,0.996781587600708
743348334.jpg,bacterial_blight,0.41637682914733887
745112623.jpg,mosaic_disease,0.9934850335121155
745442190.jpg,mosaic_disease,0.9992756247520447
745792080.jpg,mosaic_disease,0.9996113181114197
747082270.jpg,mosaic_disease,0.9980081915855408
747749936.jpg,mosaic_disease,0.9984325766563416
752076516.jpg,healthy,0.5109812021255493
752869166.jpg,mosaic_disease,0.74032062292099
753617544.jpg,mosaic_disease,0.9972232580184937
753901704.jpg,brown_streak_disease,0.9083164930343628
754271436.jpg,mosaic_disease,0.9929410219192505
756009491.jpg,mosaic_disease,0.9929935336112976
756195820.jpg,mosaic_disease,0.9588221907615662
759532134.jpg,mosaic_disease,0.9824860095977783
76026574.jpg,bacterial_blight,0.6595878601074219
760863006.jpg,green_mottle,0.9955397248268127
761719454.jpg,mosaic_disease,0.9964269995689392
762372916.jpg,mosaic_disease,0.9293252229690552
763846038.jpg,mosaic_disease,0.9905143976211548
767516217.jpg,mosaic_disease,0.975795567035675
76786311.jpg,mosaic_disease,0.9998400211334229
767931500.jpg,mosaic_disease,0.9517993927001953
769509727.jpg,brown_streak_disease,0.4527949094772339
769621297.jpg,mosaic_disease,0.6703998446464539
770144532.jpg,mosaic_disease,0.9999752044677734
773525225.jpg,mosaic_disease,0.956244170665741
773722195.jpg,mosaic_disease,0.9995891451835632
774618628.jpg,bacterial_blight,0.5068486928939819
776473897.jpg,brown_streak_disease,0.7105323672294617
77896504.jpg,mosaic_disease,0.9998482465744019
779905140.jpg,mosaic_disease,0.9838414192199707
781490175.jpg,brown_streak_disease,0.9667378067970276
781931652.jpg,mosaic_disease,0.9994521737098694
783137555.jpg,mosaic_disease,0.7974278926849365
790193480.jpg,mosaic_disease,0.9927956461906433
790574591.jpg,mosaic_disease,0.9616817831993103
792366511.jpg,brown_streak_disease,0.9997256398200989
794210543.jpg,healthy,0.44892504811286926
794817264.jpg,healthy,0.5679447650909424
795263399.jpg,healthy,0.7269527316093445
795383461.jpg,healthy,0.4565183222293854
796933103.jpg,brown_streak_disease,0.9640170335769653
797009430.jpg,mosaic_disease,0.9962660670280457
798065416.jpg,mosaic_disease,0.5902354717254639
801531661.jpg,mosaic_disease,0.9997642636299133
802386066.jpg,mosaic_disease,0.9938708543777466
803019874.jpg,mosaic_disease,0.9371145367622375
803734282.jpg,healthy,0.47927945852279663
807777679.jpg,bacterial_blight,0.8420126438140869
808194984.jpg,mosaic_disease,0.9969555139541626
808606006.jpg,green_mottle,0.9994522929191589
809104607.jpg,green_mottle,0.7536373734474182
811026048.jpg,brown_streak_disease,0.8154138326644897
813017538.jpg,green_mottle,0.34211206436157227
813435800.jpg,green_mottle,0.9943996071815491
813688651.jpg,mosaic_disease,0.9999065399169922
813697698.jpg,bacterial_blight,0.48382705450057983
814288392.jpg,mosaic_disease,0.977556049823761
816704728.jpg,mosaic_disease,0.7666634321212769
818188540.jpg,mosaic_disease,0.9815955758094788
81845086.jpg,mosaic_disease,0.9939608573913574
819817921.jpg,mosaic_disease,0.9969797730445862
82105739.jpg,green_mottle,0.9659581780433655
823167906.jpg,mosaic_disease,0.6299808621406555
825551560.jpg,mosaic_disease,0.5926074385643005
825637783.jpg,mosaic_disease,0.999924898147583
826682979.jpg,mosaic_disease,0.8414906859397888
827007782.jpg,mosaic_disease,0.8967830538749695
827085399.jpg,mosaic_disease,0.9875117540359497
827284043.jpg,mosaic_disease,0.9948914051055908
829835342.jpg,mosaic_disease,0.9988428354263306
830213771.jpg,mosaic_disease,0.9989452958106995
830793434.jpg,healthy,0.6332384943962097
830812751.jpg,healthy,0.7257317304611206
833599102.jpg,brown_streak_disease,0.36673402786254883
833991576.jpg,mosaic_disease,0.9999715089797974
834333640.jpg,mosaic_disease,0.9997953772544861
838121109.jpg,mosaic_disease,0.9997143149375916
839547710.jpg,mosaic_disease,0.9970023036003113
839709957.jpg,mosaic_disease,0.9972801208496094
841248971.jpg,mosaic_disease,0.9752351641654968
843483418.jpg,mosaic_disease,0.976603627204895
845640217.jpg,mosaic_disease,0.8588706851005554
846277174.jpg,healthy,0.7225686311721802
846734911.jpg,mosaic_disease,0.9992246627807617
84787134.jpg,brown_streak_disease,0.877479076385498
848032997.jpg,mosaic_disease,0.9625484943389893
848445335.jpg,mosaic_disease,0.9850108027458191
850402862.jpg,mosaic_disease,0.9998524188995361
851450770.jpg,brown_streak_disease,0.9974470138549805
851691285.jpg,brown_streak_disease,0.973770797252655
852760236.jpg,mosaic_disease,0.998176097869873
855456135.jpg,mosaic_disease,0.9861547350883484
856327781.jpg,healthy,0.533222496509552
857300948.jpg,mosaic_disease,0.8382973670959473
857708502.jpg,mosaic_disease,0.9972471594810486
857910285.jpg,brown_streak_disease,0.9984371066093445
857983591.jpg,mosaic_disease,0.9617829322814941
85888563.jpg,mosaic_disease,0.988425612449646
860785504.jpg,green_mottle,0.8790088295936584
86271785.jpg,healthy,0.7795263528823853
864600398.jpg,healthy,0.888495147228241
864903108.jpg,brown_streak_disease,0.6095636487007141
865580599.jpg,mosaic_disease,0.9984341263771057
865733342.jpg,mosaic_disease,0.9984520673751831
866506259.jpg,brown_streak_disease,0.9991194605827332
867127390.jpg,brown_streak_disease,0.8288555145263672
868275841.jpg,bacterial_blight,0.8072885274887085
870659549.jpg,brown_streak_disease,0.5769666433334351
870679029.jpg,healthy,0.7668555378913879
871530899.jpg,mosaic_disease,0.9997010231018066
872498616.jpg,brown_streak_disease,0.5205643177032471
872867609.jpg,mosaic_disease,0.887790322303772
874716908.jpg,mosaic_disease,0.9658704400062561
875836279.jpg,mosaic_disease,0.9960542917251587
876588489.jpg,mosaic_disease,0.9999563694000244
879089403.jpg,mosaic_disease,0.9977541565895081
879395678.jpg,mosaic_disease,0.45578211545944214
879965131.jpg,mosaic_disease,0.9748976230621338
881299929.jpg,healthy,0.5230805277824402
883338295.jpg,mosaic_disease,0.9999980926513672
884672332.jpg,healthy,0.8637542724609375
885374983.jpg,mosaic_disease,0.9993865489959717
886468951.jpg,mosaic_disease,0.7348440289497375
886507028.jpg,mosaic_disease,0.9975723624229431
887896841.jpg,mosaic_disease,0.9941376447677612
889052134.jpg,mosaic_disease,0.8832379579544067
895206716.jpg,mosaic_disease,0.9988094568252563
895356426.jpg,mosaic_disease,0.8866114616394043
897533656.jpg,mosaic_disease,0.9328562617301941
897638042.jpg,bacterial_blight,0.5496445894241333
897745173.jpg,mosaic_disease,0.9860405921936035
898210047.jpg,mosaic_disease,0.9925577640533447
898386629.jpg,mosaic_disease,0.9992164373397827
899398361.jpg,mosaic_disease,0.9995660185813904
901886086.jpg,mosaic_disease,0.9504058361053467
902299178.jpg,mosaic_disease,0.9945089221000671
90333661.jpg,brown_streak_disease,0.973967432975769
905336234.jpg,brown_streak_disease,0.9988634586334229
91058248.jpg,mosaic_disease,0.8972160220146179
911449508.jpg,brown_streak_disease,0.9293873906135559
912912811.jpg,bacterial_blight,0.4439794421195984
913261951.jpg,mosaic_disease,0.9965018033981323
913436788.jpg,mosaic_disease,0.9998960494995117
913877640.jpg,mosaic_disease,0.991710364818573
915715866.jpg,mosaic_disease,0.9623553156852722
917306689.jpg,healthy,0.7667763829231262
917489819.jpg,mosaic_disease,0.9785628914833069
918301064.jpg,mosaic_disease,0.9598571062088013
919581401.jpg,mosaic_disease,0.9332059621810913
920401054.jpg,mosaic_disease,0.9704470038414001
921975951.jpg,mosaic_disease,0.9981303811073303
922802657.jpg,mosaic_disease,0.9998941421508789
924049818.jpg,mosaic_disease,0.9998494386672974
927713688.jpg,mosaic_disease,0.7254115343093872
929341901.jpg,healthy,0.5780568718910217
929638503.jpg,mosaic_disease,0.5496463179588318
931943521.jpg,mosaic_disease,0.9998536109924316
932643551.jpg,mosaic_disease,0.9535694718360901
933070130.jpg,mosaic_disease,0.91703861951828
934025261.jpg,healthy,0.6734269857406616
936336303.jpg,mosaic_disease,0.9983922839164734
937045512.jpg,mosaic_disease,0.9901673793792725
938742634.jpg,mosaic_disease,0.9898762106895447
938932168.jpg,mosaic_disease,0.9999234676361084
939534770.jpg,mosaic_disease,0.9941881895065308
93971994.jpg,healthy,0.77388596534729
942994246.jpg,bacterial_blight,0.6940805315971375
943096902.jpg,mosaic_disease,0.8312634825706482
944255811.jpg,healthy,0.6646416187286377
944732366.jpg,mosaic_disease,0.9983185529708862
94506249.jpg,mosaic_disease,0.999756395816803
94536090.jpg,mosaic_disease,0.9961034059524536
948186989.jpg,brown_streak_disease,0.9728240370750427
948846771.jpg,brown_streak_disease,0.9027211666107178
950405197.jpg,mosaic_disease,0.9580466151237488
951048679.jpg,mosaic_disease,0.9996554851531982
95121846.jpg,brown_streak_disease,0.995978593826294
952111080.jpg,healthy,0.6524359583854675
952519185.jpg,brown_streak_disease,0.42731574177742004
953808797.jpg,healthy,0.8593652844429016
953844785.jpg,mosaic_disease,0.9848631024360657
953936588.jpg,brown_streak_disease,0.9989044666290283
955110808.jpg,mosaic_disease,0.9992170333862305
955346673.jpg,brown_streak_disease,0.5076740980148315
95553397.jpg,green_mottle,0.8586224913597107
957199549.jpg,green_mottle,0.7325887680053711
957970680.jpg,brown_streak_disease,0.9991816878318787
958289716.jpg,mosaic_disease,0.9356629848480225
960202242.jpg,green_mottle,0.9999923706054688
960261822.jpg,brown_streak_disease,0.814067006111145
96041444.jpg,brown_streak_disease,0.9807193875312805
964570288.jpg,healthy,0.8010210394859314
966432144.jpg,mosaic_disease,0.9946185350418091
967319500.jpg,mosaic_disease,0.9997113347053528
969211018.jpg,green_mottle,0.9760152697563171
969351419.jpg,brown_streak_disease,0.853300154209137
969719974.jpg,mosaic_disease,0.9991115927696228
970946808.jpg,healthy,0.7956633567810059
972840038.jpg,green_mottle,0.8623472452163696
974489379.jpg,mosaic_disease,0.9998623132705688
975110881.jpg,mosaic_disease,0.9995405673980713
975158492.jpg,mosaic_disease,0.9720184803009033
976801924.jpg,green_mottle,0.9738577604293823
979089486.jpg,mosaic_disease,0.9981716871261597
981248959.jpg,mosaic_disease,0.9965062737464905
982968211.jpg,mosaic_disease,0.9993649125099182
983368345.jpg,mosaic_disease,0.9995612502098083
984082173.jpg,healthy,0.8093565106391907
984192870.jpg,mosaic_disease,0.9970773458480835
984672636.jpg,mosaic_disease,0.9989296793937683
985972952.jpg,brown_streak_disease,0.9971475005149841
988318054.jpg,healthy,0.9089023470878601
990768027.jpg,green_mottle,0.3495691418647766
997161074.jpg,mosaic_disease,0.9998314380645752
997179968.jpg,mosaic_disease,0.9992079138755798
999068805.jpg,mosaic_disease,0.9901244044303894
